test_id,layer,requirements,result,classification,duration_ms,name,details
P45-MAN-001,manifest,TST-001|TST-009,PASS,PASS_EXACT,0.4000000059604645,Every declared test uses a known requirement identifier,"{""knownRequirements"":77,""checkedTests"":601}"
MF-ID-001,manifest,TST-001|TST-006,PASS,PASS_EXACT,0.09999999403953552,Test IDs are unique,{}
MF-FEAT-001,manifest,TST-001,PASS,PASS_EXACT,0.29999999701976776,Every feature maps requirements and tests,{}
MF-MOD-001,manifest,TST-006,PASS,PASS_EXACT,47.80000001192093,Feature module paths exist,"{""declaredModules"":111,""existingModules"":111,""missingModules"":[]}"
MF-PROD-001,manifest,TST-004,PASS,PASS_EXACT,56.6000000089407,Production bundle excludes test API,"{""artifact"":""browser_files/dist/bundle.prod.html"",""sizeBytes"":874898,""checks"":{""test_api_absent"":true,""test_registration_absent"":true,""test_controls_absent"":true,""test_fixtures_absent"":true,""mock_transport_absent"":true,""contract_fixture_absent"":true,""integration_scenario_absent"":true,""visual_baseline_absent"":true,""p45_closure_absent"":true},""forbiddenMatches"":[]}"
MF-PROD-002,manifest,TST-004,PASS,PASS_EXACT,53.400000005960464,Production bundle excludes test fixtures and controls,"{""artifact"":""browser_files/dist/bundle.prod.html"",""checks"":{""test_api_absent"":true,""test_registration_absent"":true,""test_controls_absent"":true,""test_fixtures_absent"":true,""mock_transport_absent"":true,""contract_fixture_absent"":true,""integration_scenario_absent"":true,""visual_baseline_absent"":true,""p45_closure_absent"":true},""forbiddenMatches"":[]}"
MF-ARC-001,manifest,ARC-010,PASS,PASS_EXACT,0.20000000298023224,Shared architecture modules declare interfaces,"{""modules"":8}"
MF-ARC-002,manifest,ARC-010|TST-006,PASS,PASS_EXACT,0.20000000298023224,Architecture dependencies resolve,"{""dependencyErrors"":[]}"
MF-ARC-003,manifest,ARC-004,PASS,PASS_EXACT,0,One primary browser control is declared,"{""primaryBrowserControls"":1}"
MF-ARC-004,manifest,ARC-007|TST-004,PASS,PASS_EXACT,54.5,Production bundle rejects browser native and test assumptions,"{""forbiddenMatches"":[]}"
MF-ST-001,manifest,ARC-001|TST-001,PASS,PASS_EXACT,0.09999999403953552,Starter manifest declares canonical production entrypoint,"{""launcher"":""app/starter_main.sce"",""bundle"":""browser_files/dist/bundle.prod.html""}"
MF-ST-002,manifest,ARC-010|TST-006,PASS,PASS_EXACT,64.8999999910593,Starter required module paths exist,"{""declared"":9,""existing"":9,""missing"":[]}"
MF-ST-003,manifest,ARC-010|TST-006,PASS,PASS_EXACT,0.20000000298023224,Starter profile disables optional test and plotting layers,"{""build_mode"":""production"",""include_plotting"":false,""include_testing"":false,""jcef_debug"":false}"
MF-ST-004,manifest,TST-004|ARC-007,PASS,PASS_EXACT,57.900000005960464,Starter production bundle excludes optional and test source,"{""artifact"":""browser_files/dist/bundle.prod.html"",""checks"":{""test_api_absent"":true,""test_registration_absent"":true,""test_controls_absent"":true,""test_fixtures_absent"":true,""mock_transport_absent"":true,""contract_fixture_absent"":true,""integration_scenario_absent"":true,""visual_baseline_absent"":true,""p45_closure_absent"":true},""forbiddenMatches"":[]}"
MF-APP-001,manifest,CMP-004|TST-001,PASS,PASS_EXACT,0.09999999403953552,Application manifest has complete separate identity,"{""application"":""0.8.7-m8.7"",""foundation"":""P6.4.0-0.1""}"
MF-APP-002,manifest,ARC-010|TST-006,PASS,PASS_EXACT,76.8999999910593,Application modules resolve,"{""declared"":17,""existing"":17}"
MF-APP-003,manifest,ARC-010|AIG-003,PASS,PASS_EXACT,0.20000000298023224,Foundation and application ownership is complete,"{""classifications"":[""foundation-owned"",""application-owned"",""generated"",""test-only"",""example-only"",""evidence""],""editableRoots"":[""application/"",""browser_files/js/application/""]}"
MF-APP-004,manifest,AIG-001|AIG-004,PASS,PASS_EXACT,0,Derivation policy protects foundation source,"{""derivation_modifies_protected_files"":false,""generated_is_primary_source"":false}"
MF-APP-005,manifest,BLD-001|TST-006,PASS,PASS_EXACT,0.10000000894069672,Production bundle contains declared application service,"{""service"":""P2.application.ping"",""included"":true}"
MF-APP-006,manifest,TST-004|AIG-002,PASS,PASS_EXACT,51.900000005960464,Production profile excludes qualification leakage,"{""forbiddenMatches"":[]}"
MF-REL-001,manifest,CMP-001|CMP-004,PASS,PASS_EXACT,0.09999999403953552,P6.4 release identity and accepted source are declared,"{""version"":""P6.4.0-0.1"",""source"":""P5.5.0-0.2""}"
MF-REL-002,manifest,TST-001|AIG-004,PASS,PASS_EXACT,0.10000000894069672,P6.4 acceptance target preserves and expands baseline,"{""declared"":135,""passed"":135,""failed"":0,""skipped"":0}"
MF-REL-003,manifest,AIG-001|AIG-003,PASS,PASS_EXACT,0.09999999403953552,Upgrade contract preserves application-owned roots,"{""preserveRoots"":[""application/"",""browser_files/js/application/""]}"
MF-REL-004,manifest,AIG-004|AIG-005,PASS,PASS_EXACT,0.09999999403953552,Upgrade contract protects generated and foundation boundaries,"{""application_identity_preserved"":true,""protected_foundation_edits_forbidden"":true,""generated_is_primary_source"":false}"
MF-REL-005,manifest,BLD-002|BLD-008|BLD-012,PASS,PASS_EXACT,0.09999999403953552,Build policy declares deterministic ordering and outputs,"{""order"":""lexicographic_case_insensitive"",""outputs"":[""browser_files/dist/bundle.test.html"",""browser_files/dist/bundle.prod.html""]}"
MF-REL-006,manifest,BLD-005|CMP-003,PASS,PASS_EXACT,0,Release policy requires offline runtime,"{""offlineRuntime"":true}"
MF-REL-007,manifest,AIG-003|AIG-006,PASS,PASS_EXACT,0.10000000894069672,Rollback package is explicit,"{""rollback"":""scilab_jcef_foundation_p5.5.0_v0.2.zip""}"
MF-REL-008,manifest,ARC-005|ARC-010,PASS,PASS_EXACT,0,Application manifest declares two extension operations,"{""operations"":[""application.example.ping.request"",""application.example.sum.request"",""application.aipp.status.request"",""application.aipp.pyrolist.request"",""application.aipp.materials.request""]}"
MF-BLD-001,manifest,BLD-004,PASS,PASS_EXACT,0,Dependency manifest has unique module identifiers,"{""version"":""P6.4.0-0.1"",""moduleCount"":60}"
MF-BLD-002,manifest,BLD-004|BLD-006,PASS,PASS_EXACT,0.10000000894069672,All declared dependencies resolve,"{""version"":""P6.4.0-0.1"",""moduleCount"":60}"
MF-BLD-003,manifest,BLD-007|BLD-008,PASS,PASS_EXACT,0.09999999403953552,Build modes are explicitly declared,"{""version"":""P6.4.0-0.1"",""moduleCount"":60}"
MF-BLD-004,manifest,BLD-007,PASS,PASS_EXACT,0.20000000298023224,Production excludes plotting and testing categories,"{""version"":""P6.4.0-0.1"",""moduleCount"":60}"
MF-BLD-005,manifest,BLD-002,PASS,PASS_EXACT,0,Runtime source ordering policy is explicit,"{""version"":""P6.4.0-0.1"",""moduleCount"":60}"
MF-BLD-006,manifest,BLD-001|BLD-008,PASS,PASS_EXACT,0.09999999403953552,Application HTML and CSS disposition is explicit,"{""version"":""P6.4.0-0.1"",""moduleCount"":60}"
MF-BLD-007,manifest,BLD-005,PASS,PASS_EXACT,0,No remote runtime dependency is declared,"{""version"":""P6.4.0-0.1"",""moduleCount"":60}"
MF-BLD-008,manifest,BLD-009,PASS,PASS_EXACT,0.10000000894069672,Generated build identity matches active foundation,"{""version"":""P6.4.0-0.1"",""moduleCount"":60}"
MF-BLD-009,manifest,BLD-011,PASS,PASS_EXACT,0.09999999403953552,Required production module set is nonempty,"{""version"":""P6.4.0-0.1"",""moduleCount"":60}"
MF-BLD-010,manifest,BLD-007|BLD-010,PASS,PASS_EXACT,0,"Development, test, and production profiles are distinct","{""version"":""P6.4.0-0.1"",""moduleCount"":60}"
MF-P62-001,manifest,BLD-003|BLD-010,PASS,PASS_EXACT,0,P6.2 structured launcher validation is declared,"{""canonical"":""app/main.sce"",""starter"":""app/starter_main.sce"",""compatibility"":""main.sce""}"
MF-P62-002,manifest,BLD-010|ARC-001,PASS,PASS_EXACT,0,Canonical and starter launchers remain distinct,"{""canonical"":""app/main.sce"",""starter"":""app/starter_main.sce"",""compatibility"":""main.sce""}"
MF-P62-003,manifest,BLD-004|BLD-006,PASS,PASS_EXACT,0,Dependency cycle detection is active,"{""cycleDetection"":true}"
MF-P62-004,manifest,BLD-007|BLD-008,PASS,PASS_EXACT,0,Development profile has a dedicated surface,"{""component"":""component.dev.diagnostics"",""diagnosticsModule"":""diagnostics.dev.panel"",""includesPlotting"":true,""includesTesting"":false}"
MF-P62-005,manifest,BLD-007|OBS-008,PASS,PASS_EXACT,0,Development diagnostics are explicitly declared,"{""component"":""component.dev.diagnostics"",""diagnosticsModule"":""diagnostics.dev.panel"",""includesPlotting"":true,""includesTesting"":false}"
MF-P62-006,manifest,TST-004|BLD-007,PASS,PASS_EXACT,0,Development build excludes qualification tests,"{""component"":""component.dev.diagnostics"",""diagnosticsModule"":""diagnostics.dev.panel"",""includesPlotting"":true,""includesTesting"":false}"
MF-P62-007,manifest,BLD-007|PLT-010,PASS,PASS_EXACT,0.10000000894069672,Development build retains optional plotting,"{""component"":""component.dev.diagnostics"",""diagnosticsModule"":""diagnostics.dev.panel"",""includesPlotting"":true,""includesTesting"":false}"
MF-P62-008,manifest,AIG-004|AIG-006,PASS,PASS_EXACT,0.09999999403953552,Mutation suite covers dependency failures,"{""cases"":[""duplicate_module_id"",""unknown_dependency"",""dependency_cycle"",""missing_placeholder"",""production_test_leak"",""launcher_order""]}"
MF-P62-009,manifest,AIG-004|TST-004,PASS,PASS_EXACT,0.10000000894069672,Mutation suite covers bundle safety failures,"{""cases"":[""duplicate_module_id"",""unknown_dependency"",""dependency_cycle"",""missing_placeholder"",""production_test_leak"",""launcher_order""]}"
MF-P62-010,manifest,AIG-004|BLD-010,PASS,PASS_EXACT,0,Mutation suite covers launcher ordering,"{""cases"":[""duplicate_module_id"",""unknown_dependency"",""dependency_cycle"",""missing_placeholder"",""production_test_leak"",""launcher_order""]}"
MF-P63-001,manifest,BLD-012,PASS,PASS_EXACT,0,P6.3 reproducibility enforcement is declared,"{""reproducibilityEnforced"":true,""productionValidateOnly"":true,""acceptedArtifactContract"":true,""staleArtifactDetection"":true}"
MF-P63-002,manifest,BLD-010,PASS,PASS_EXACT,0,Production launcher uses validate-only policy,"{""launcher"":""app/starter_main.sce"",""validateOnly"":true}"
MF-P63-003,manifest,BLD-009|BLD-011,PASS,PASS_EXACT,0,Accepted production artifact contract is declared,"{""contract"":""browser_files/dist/production_acceptance.json""}"
MF-P63-004,manifest,BLD-008|BLD-012,PASS,PASS_EXACT,0.09999999403953552,Reproducibility report is declared,"{""report"":""browser_files/dist/reproducibility_report.json""}"
MF-P63-005,manifest,BLD-010|BLD-011,PASS,PASS_EXACT,0,Stale artifact detection is active,"{""reproducibilityEnforced"":true,""productionValidateOnly"":true,""acceptedArtifactContract"":true,""staleArtifactDetection"":true}"
MF-P63-006,manifest,BLD-007|BLD-010,PASS,PASS_EXACT,0.09999999403953552,Qualification and production launch policies are distinct,"{""qualification"":""app/main.sce"",""production"":""app/starter_main.sce""}"
MF-P63-007,manifest,TST-001|BLD-008,PASS,PASS_EXACT,0.09999999403953552,P6.3 acceptance inventory expands P6.2,"{""declared"":167,""baseline"":157}"
MF-P63-008,manifest,BLD-003|BLD-011,PASS,PASS_EXACT,0,Production validation has required structural markers,"{""structuralValidation"":true}"
MF-P64-001,manifest,BLD-008|AIG-003,PASS,PASS_EXACT,0,P6.4 canonical package inventory is declared,"{""report"":""package_inventory.json""}"
MF-P64-002,manifest,BLD-012|AIG-006,PASS,PASS_EXACT,0.10000000894069672,Deterministic archive policy is active,"{""tool"":""tools/packaging/package_p64.py""}"
MF-P64-003,manifest,BLD-001|BLD-008,PASS,PASS_EXACT,0,Generated Python caches are excluded,"{""cacheExclusion"":true}"
MF-P64-004,manifest,AIG-001|AIG-004,PASS,PASS_EXACT,0.09999999403953552,P6.3 accepted source evidence is recorded,"{""version"":""P6.3.0-0.1"",""declared"":167,""executed"":167,""passed"":167,""failed"":0,""skipped"":0,""evidence"":""protocol_results_6.3.0.json""}"
MF-P64-005,manifest,BLD-009|CMP-004,PASS,PASS_EXACT,0.09999999403953552,Full file hash ledger is declared,"{""ledger"":""SHA256SUMS.txt""}"
MF-P64-006,manifest,AIG-003|AIG-006,PASS,PASS_EXACT,0,Rollback package is the accepted P6.3 source,"{""rollback"":""scilab_jcef_foundation_p6.3.0_v0.1.zip""}"
MF-P64-007,manifest,TST-001|AIG-004,PASS,PASS_EXACT,0.10000000894069672,P6.4 inventory expands P6.3 without removals,"{""declared"":177,""baseline"":167}"
MF-P64-008,manifest,CMP-004|BLD-009,PASS,PASS_EXACT,0,Package metadata matches active foundation identity,"{""version"":""P6.4.0-0.1""}"
BR-PRO-001,browser,PRO-001|PRO-002|PRO-003,PASS,PASS_EXACT,0.09999999403953552,Envelope validation accepts valid message,"{""type"":""diagnostic.echo.request""}"
BR-PRO-002,browser,PRO-001|TST-003,PASS,PASS_EXACT,0,Envelope validation rejects missing type,{}
BR-REQ-001,browser,PRO-003|PRO-009,PASS,PASS_EXACT,0.09999999403953552,Request registry settles and cleans,{}
BR-REQ-002,browser,PRO-003|TST-003,PASS,PASS_EXACT,0.19999998807907104,Duplicate request ID rejected,{}
BR-REQ-003,browser,PRO-009,PASS,PASS_EXACT,21.399999991059303,Timeout settlement removes pending state,{}
BR-PLOT-001,browser,PLT-002|PLT-010,PASS,PASS_EXACT,2.2000000029802322,Mock plot adapter lifecycle,{}
BR-PLOT-002,browser,PLT-002,PASS,PASS_EXACT,0.09999999403953552,Adapter base rejects unimplemented methods,{}
BR-UI-001,browser,TST-007,PASS,PASS_EXACT,0.09999999403953552,Critical test controls are reachable,{}
P45-CODEC-001,browser,PRO-005,PASS,PASS_EXACT,0.4000000059604645,Safe codec round trips UTF-8 and nested values,"{""encodedBytes"":53}"
P45-CODEC-002,browser,PRO-005,PASS,PASS_EXACT,0.19999998807907104,Safe codec emits explicit special numeric sentinels,"{""a"":{""numeric_encoding"":""special"",""value"":""nan""},""b"":{""numeric_encoding"":""special"",""value"":""positive_infinity""},""c"":{""numeric_encoding"":""special"",""value"":""negative_infinity""}}"
P45-CODEC-003,browser,PRO-005|TST-003,PASS,PASS_EXACT,0.20000000298023224,Safe codec rejects circular structures,"{""rejected"":true}"
P45-CODEC-004,browser,PRO-005|TST-003,PASS,PASS_EXACT,0.10000000894069672,Safe codec rejects unsupported object types,{}
P45-REQ-001,browser,PRO-003|PRO-004|TST-003,PASS,PASS_EXACT,0,Response validation rejects wrong request correlation,"{""errors"":[""request_id mismatch wrong""]}"
P45-REQ-002,browser,PRO-009,PASS,PASS_EXACT,0.20000000298023224,Request registry settles exactly once,"{""settlements"":1}"
P45-XFR-001,browser,PRO-009|PRO-010,PASS,PASS_EXACT,17.5,Transfer registry terminal settlement is exactly once,"{""events"":[""state"",""state"",""completed"",""cleaned""]}"
P45-XFR-002,browser,PRO-010,PASS,PASS_EXACT,0.20000000298023224,Generic helpers split exact boundaries and checksum text,"{""chunks"":[""abcd"",""efgh""],""checksum"":195}"
P45-UI-001,browser,TST-001,PASS,PASS_EXACT,0.19999998807907104,CSV formatter escapes commas quotes and newlines,"{""length"":152}"
BR-ARC-001,browser,ARC-009,PASS,PASS_EXACT,0.10000000894069672,Browser transport initializes independently of application views,"{""transport"":true,""client"":true}"
BR-ARC-002,browser,ARC-009,PASS,PASS_EXACT,0.09999999403953552,Optional diagnostics can be disabled without startup failure,"{""disabledAndRestored"":true}"
BR-ST-001,browser,ARC-005|ARC-010,PASS,PASS_EXACT,0.10000000894069672,Starter browser extension point is callable,"{""extension"":""P2.application.ping"",""callable"":true}"
BR-ST-002,browser,TST-008,PASS,PASS_EXACT,0,Release manifest agrees with active runtime identity,"{""version"":""P6.4.0-0.1"",""regressionBaseline"":""P4.5.1-0.1"",""protocolVersion"":1}"
BR-APP-001,browser,ARC-005|ARC-010,PASS,PASS_EXACT,0,Application registration exposes declared service,"{""registered"":true}"
BR-APP-002,browser,CMP-004|TST-008,PASS,PASS_EXACT,0.09999999403953552,Application identity remains separate from foundation identity,"{""foundation"":""P6.4.0-0.1"",""application"":""0.8.7-m8.7""}"
BR-EXT-001,browser,ARC-005|ARC-010,PASS,PASS_EXACT,0,Reference sum browser service is registered,"{""registered"":true}"
BR-EXT-002,browser,PRO-012|TST-003,PASS,PASS_EXACT,0,Reference sum schema requires values,"{""errors"":[""values is required""]}"
BR-EXT-003,browser,ARC-005|CMP-004,PASS,PASS_EXACT,0.09999999403953552,Application registry retains separate services,"{""services"":[""ping"",""sum""],""foundationVersion"":""P6.4.0-0.1"",""applicationVersion"":""0.8.7-m8.7""}"
AIPP-APP-001,browser,ARC-010,PASS,PASS_EXACT,0,AIPP status service is registered,"{""registered"":true}"
AIPP-APP-004,browser,TST-001,PASS,PASS_EXACT,0,AIPP shell critical controls exist,"{""missing"":[]}"
AIPP-APP-006,browser,BLD-006,PASS,PASS_EXACT,0.10000000894069672,AIPP payload diagnostic is absent from active runtime,"{""runtimeLoaded"":false}"
BR-P62-001,browser,BLD-009|CMP-004,PASS,PASS_EXACT,0,P6.2 build identity is active in browser runtime,"{""version"":""P6.4.0-0.1""}"
BR-P63-001,browser,BLD-009|CMP-004,PASS,PASS_EXACT,0.09999999403953552,P6.3 build identity is active in browser runtime,"{""version"":""P6.4.0-0.1""}"
BR-P64-001,browser,BLD-009|CMP-004,PASS,PASS_EXACT,0,P6.4 package identity is active in browser runtime,"{""version"":""P6.4.0-0.1""}"
AIPP-M2-001,browser,ARC-010,PASS,PASS_EXACT,0,AIPP pyrolist service and host adapter are registered,"{""service"":true,""adapter"":true}"
AIPP-M2-002,browser,TST-001,PASS,PASS_EXACT,0.19999998807907104,AIPP M2 pyrolist controls exist,"{""missing"":[]}"
AIPP-M3-001,browser,ARC-010,PASS,PASS_EXACT,0.10000000894069672,AIPP pyro editor model and view are registered,"{""model"":true,""view"":true}"
AIPP-M3-002,browser,TST-001,PASS,PASS_EXACT,0.20000000298023224,AIPP pyro editor controls exist,"{""missing"":[]}"
AIPP-M3-005,browser,TST-001,PASS,PASS_EXACT,48,Working edits do not mutate master formulation,"{""master"":""1500 K"",""working"":""1600 K""}"
AIPP-M3-006,browser,TST-001,PASS,PASS_EXACT,1.7999999970197678,Reset restores selected source formulation,"{""dirty"":false}"
AIPP-M3-007,browser,TST-003,PASS,PASS_EXACT,0.09999999403953552,Unknown formulation is rejected cleanly,"{""code"":""AIPP_UNKNOWN_FORMULATION""}"
AIPP-M3-008,browser,TST-003,PASS,PASS_EXACT,0,Formulation validator reports missing required fields,"{""errors"":[""Temperature is required."",""Density is required."",""reference_burn_rate is required."",""HEX is required.""]}"
AIPP-M4-001,browser,ARC-010,PASS,PASS_EXACT,0.09999999403953552,Chamber pyro manager model and view are registered,"{""model"":true,""view"":true}"
AIPP-M4-002,browser,TST-001,PASS,PASS_EXACT,0.7000000029802322,Chamber pyro manager controls exist,"{""missing"":[],""hasValidAction"":true,""hasValidBody"":true}"
AIPP-M4-004,browser,TST-001,PASS,PASS_EXACT,6.300000011920929,Chamber pyro identifiers are unique and stable,"{""ids"":[""pyro-0001"",""pyro-0002""]}"
AIPP-M4-005,browser,TST-001,PASS,PASS_EXACT,4.700000002980232,Formulation assignment creates isolated working copy,"{""master"":""1500 K"",""working"":""1999 K""}"
AIPP-M4-006,browser,TST-001,PASS,PASS_EXACT,7.5,Duplicated pyros remain independent,"{""original"":0,""copy"":4.2}"
AIPP-M4-007,browser,TST-001,PASS,PASS_EXACT,4.200000002980232,Remove selects a deterministic neighbor,"{""selected"":""pyro-0001""}"
AIPP-M4-008,browser,TST-003,PASS,PASS_EXACT,7.0999999940395355,Quantity and timing validation rejects invalid values,"{""errors"":[""Pyro 1: Number must be a positive integer."",""Pyro 1: Piles must be a positive integer."",""Pyro 1: Ignition delay must be non-negative.""]}"
AIPP-M4-009,browser,TST-001,PASS,PASS_EXACT,3,Shape changes install shape-specific defaults,"{""shape"":{""diameter"":""3.9 mm"",""total_height"":""1.9 mm"",""dome_height"":""0.076 mm""}}"
AIPP-M4-010,browser,TST-003,PASS,PASS_EXACT,1.4000000059604645,Unknown chamber pyro is rejected cleanly,"{""code"":""AIPP_UNKNOWN_CHAMBER_PYRO""}"
AIPP-M5-001,browser,ARC-010,PASS,PASS_EXACT,0,Chamber filter model and view are registered,"{""model"":true,""view"":true}"
AIPP-M5-002,browser,TST-001,PASS,PASS_EXACT,0.20000000298023224,Chamber filter controls exist,"{""missing"":[]}"
AIPP-M5-004,browser,TST-001,PASS,PASS_EXACT,0.7000000029802322,Filter duplication remains independent,"{""original"":0,""copy"":4.2}"
AIPP-M5-005,browser,TST-001|TST-003,PASS,PASS_EXACT,0.5,Only chamber from-side orifices may be assigned,"{""assigned"":[1,2]}"
AIPP-M5-006,browser,TST-003,PASS,PASS_EXACT,0.5,Filter validation rejects invalid coefficient and method,"{""errors"":[""Filter 1: Method must be PERCENTAGE or KNTU."",""Filter 1: Coefficient must be a non-negative finite number.""]}"
AIPP-M5-007,browser,TST-001,PASS,PASS_EXACT,0.6000000089406967,Orifice dependency scan and delete remap are deterministic,"{""references"":1,""remapped"":[1]}"
AIPP-M5-008,browser,TST-003,PASS,PASS_EXACT,0.19999998807907104,Unknown filter and method are rejected cleanly,"{""codes"":[""AIPP_UNKNOWN_CHAMBER_FILTER"",""AIPP_UNKNOWN_FILTER_METHOD""]}"
AIPP-M531-001,browser,ARC-010,PASS,PASS_EXACT,0.10000000894069672,Runtime material service is registered,"{""service"":true,""cache"":true}"
AIPP-M7-001,browser,ARC-010,PASS,PASS_EXACT,0.10000000894069672,Production workspace controller is registered,"{""registered"":true}"
AIPP-M7-002,browser,TST-001,PASS,PASS_EXACT,0.09999999403953552,Three primary workspace tabs exist,"{""tabs"":[""aippTabEditor"",""aippTabRuntime"",""aippTabOutputs""]}"
AIPP-M7-003,browser,TST-001,PASS,PASS_EXACT,0,Three primary workspace panels exist,"{""panels"":[""aippPanelEditor"",""aippPanelRuntime"",""aippPanelOutputs""]}"
AIPP-M7-004,browser,TST-001,PASS,PASS_EXACT,0.20000000298023224,Workspace defaults to input deck editor,"{""active"":""editor""}"
AIPP-M7-005,browser,TST-007,PASS,PASS_EXACT,0.20000000298023224,Workspace switches to runtime,"{""active"":""runtime""}"
AIPP-M7-006,browser,TST-007,PASS,PASS_EXACT,0.09999999403953552,Workspace switches to outputs,"{""active"":""outputs""}"
AIPP-M7-007,browser,TST-003,PASS,PASS_EXACT,0,Unknown workspace tab is rejected,"{""code"":""AIPP_UNKNOWN_WORKSPACE_TAB""}"
AIPP-M81-001,browser,ARC-010,PASS,PASS_EXACT,0,Authoritative deck document service is registered,"{""registered"":true}"
AIPP-M81-002,browser,TST-001,PASS,PASS_EXACT,0.09999999403953552,Deck document declares schema and version,"{""schema"":""aipp.input-deck"",""version"":1}"
AIPP-M81-003,browser,TST-001,PASS,PASS_EXACT,0.10000000894069672,Deck document owns all editor sections,"{""sections"":true}"
AIPP-M81-004,browser,TST-001,PASS,PASS_EXACT,0.7000000029802322,Topology mutation synchronizes authoritative deck,"{""chambers"":1}"
AIPP-M81-005,browser,TST-001,PASS,PASS_EXACT,0.30000001192092896,Meaningful mutation marks deck dirty,"{""dirty"":true}"
AIPP-M81-006,browser,TST-001,PASS,PASS_EXACT,0.10000000894069672,Mark saved clears dirty state,"{""dirty"":false,""name"":""qualified.json""}"
AIPP-M81-007,browser,TST-001,PASS,PASS_EXACT,0.09999999403953552,Deck snapshot is isolated from internal state,"{""isolated"":true}"
AIPP-M81-008,browser,TST-003,PASS,PASS_EXACT,0.09999999403953552,Invalid deck schema is rejected,"{""code"":""AIPP_INVALID_DECK_SCHEMA""}"
AIPP-M81-009,browser,BLD-012,PASS,PASS_EXACT,0.10000000894069672,Deck serialization is deterministic,"{""characters"":368}"
AIPP-M82-001,browser,TST-001,PASS,PASS_EXACT,19.099999994039536,New deck resets to clean untitled document,"{""name"":""untitled.json"",""toolbarLabels"":true}"
AIPP-M82-002,browser,TST-003,PASS,PASS_EXACT,0.09999999403953552,Candidate validation rejects wrong schema atomically,"{""code"":""AIPP_INVALID_DECK_SCHEMA""}"
AIPP-M82-003,browser,PRO-009,PASS,PASS_EXACT,0.10000000894069672,Open service route is registered,"{""registered"":true}"
AIPP-M82-004,browser,PRO-009,PASS,PASS_EXACT,0,Save service route is registered,"{""registered"":true}"
AIPP-M82-005,browser,BLD-012,PASS,PASS_EXACT,0.10000000894069672,Deck serialization excludes runtime meta,"{""metaExcluded"":true,""native"":true}"
AIPP-M82-007,browser,TST-001|TST-003|BLD-012,PASS,PASS_EXACT,0.3999999910593033,Native AIPP deck is accepted and preserved,"{""preserved"":true}"
AIPP-M83-001,browser,ARC-010,PASS,PASS_EXACT,0,Native deck importer is registered,"{""registered"":true}"
AIPP-M83-002,browser,TST-001,PASS,PASS_EXACT,0.5999999940395355,Native import hydrates supported editor projections,"{""chambers"":1,""pyros"":1,""filters"":1}"
AIPP-M83-003,browser,BLD-012|TST-001,PASS,PASS_EXACT,0.20000000298023224,Unknown native properties survive deterministic serialization,"{""preserved"":true}"
AIPP-M83-004,browser,TST-001,PASS,PASS_EXACT,0.20000000298023224,Native precision text survives untouched round trip,"{""precisionPreserved"":true}"
AIPP-M83-005,browser,TST-001|BLD-012,PASS,PASS_EXACT,0.20000000298023224,Native structural comparator ignores object key order only,"{""qualified"":true}"
AIPP-M83-006,browser,TST-003,PASS,PASS_EXACT,0.29999999701976776,Invalid native endpoint is rejected atomically,"{""code"":""AIPP_INVALID_ORIFICE_ENDPOINT""}"
AIPP-M83-007,browser,TST-001,PASS,PASS_EXACT,0.10000000894069672,Native import reports preserved extension fields,"{""diagnostics"":1}"
AIPP-M84-001,browser,ARC-010,PASS,PASS_EXACT,0,M8.4 topology graph adapter is registered,"{""registered"":true}"
AIPP-M84-002,browser,TST-001,PASS,PASS_EXACT,0.4000000059604645,Native chambers hydrate to deterministic graph nodes,"{""chambers"":2}"
AIPP-M84-003,browser,TST-001,PASS,PASS_EXACT,0.09999999403953552,Parallel native orifices remain distinct inline nodes,"{""orifices"":2,""flowEdges"":4}"
AIPP-M84-004,browser,TST-001,PASS,PASS_EXACT,0.09999999403953552,Wall chamber associations become dotted graph edges,"{""walls"":2,""associations"":3}"
AIPP-M84-005,browser,TST-001,PASS,PASS_EXACT,0.09999999403953552,Graph elements retain native document paths,"{""mapped"":true}"
AIPP-M84-006,browser,BLD-012,PASS,PASS_EXACT,0.5999999940395355,Layout geometry is transient and excluded from native serialization,"{""transient"":true}"
AIPP-M84-007,browser,TST-001,PASS,PASS_EXACT,0.4000000059604645,Unknown chamber siblings survive topology hydration,"{""preserved"":true}"
AIPP-M84-008,browser,ARC-010,PASS,PASS_EXACT,0,M8.4 canvas API is registered,"{""registered"":true}"
AIPP-M84-009,browser,BLD-005|TST-006,PASS,PASS_EXACT,10.599999994039536,Cytoscape graph runtime initializes headlessly,"{""version"":""3.33.4"",""headless"":true}"
AIPP-M85-001,browser,ARC-010,PASS,PASS_EXACT,0.09999999403953552,Topology navigation service is registered,"{""registered"":true}"
AIPP-M85-002,browser,TST-001,PASS,PASS_EXACT,0.10000000894069672,Topology native paths are deterministic,"{""deterministic"":true}"
AIPP-M85-003,browser,TST-001|TST-007,PASS,PASS_EXACT,86.20000000298023,Programmatic graph selection resolves native record,"{""path"":""aipp_calculation.assembly.chambers[0]"",""label"":""M8.5 fixture chamber"",""temporaryHost"":true}"
AIPP-M85-004,browser,TST-003,PASS,PASS_EXACT,0.10000000894069672,Unknown topology path is rejected cleanly,"{""code"":""AIPP_UNKNOWN_TOPOLOGY_PATH""}"
AIPP-M85-005,browser,TST-001,PASS,PASS_EXACT,1.5999999940395355,Clearing graph selection clears navigation state,"{""cleared"":true}"
AIPP-M86-001,browser,ARC-010,PASS,PASS_EXACT,0.09999999403953552,Semantic topology layout service is registered,"{""registered"":true}"
AIPP-M86-002,browser,TST-001,PASS,PASS_EXACT,0.4000000059604645,Tank chamber is selected as semantic root,"{""root"":""chamber-2""}"
AIPP-M86-003,browser,BLD-012|TST-001,PASS,PASS_EXACT,1,Fallback semantic positions are deterministic,"{""deterministic"":true}"
AIPP-M86-004,browser,TST-001,PASS,PASS_EXACT,0.29999999701976776,Tank is rightmost in semantic fallback,"{""sourceX"":180,""tankX"":500}"
AIPP-M86-005,browser,TST-001,PASS,PASS_EXACT,0.29999999701976776,Orifice is positioned between connected chambers,"{""orificeX"":340}"
AIPP-M86-006,browser,TST-001,PASS,PASS_EXACT,0.20000000298023224,Wall anchor identifies associated chamber base,"{""id"":""wall-1"",""x"":300,""y"":250,""linked"":2}"
AIPP-M86-007,browser,BLD-012,PASS,PASS_EXACT,0.20000000298023224,Semantic layout calculation does not mutate native deck,"{""transient"":true}"
AIPP-M87-001,browser,ARC-010,PASS,PASS_EXACT,0,Native property inspector model and view are registered,"{""registered"":true}"
AIPP-M87-002,browser,TST-001,PASS,PASS_EXACT,2.1000000089406967,Inspector loads an isolated working copy,"{""isolated"":true}"
AIPP-M87-003,browser,TST-001,PASS,PASS_EXACT,1.5999999940395355,Inspector revert restores selected native record,"{""reverted"":true}"
AIPP-M87-004,browser,TST-001|BLD-012,PASS,PASS_EXACT,2.5,Inspector apply commits one native record atomically,"{""revisionDelta"":1}"
AIPP-M87-005,browser,BLD-012,PASS,PASS_EXACT,1.5,Inspector preserves unknown nested native fields,"{""preserved"":true}"
AIPP-M87-006,browser,BLD-012,PASS,PASS_EXACT,1.8999999910593033,Inspector preserves untouched precision text,"{""precisionPreserved"":true}"
AIPP-M87-007,browser,TST-003,PASS,PASS_EXACT,1.1000000089406967,Inspector rejects invalid orifice endpoints,"{""code"":""AIPP_INSPECTOR_VALIDATION_FAILED""}"
AIPP-M87-008,browser,TST-001,PASS,PASS_EXACT,0.7999999970197678,Inspector apply marks authoritative deck dirty,"{""dirty"":true}"
AIPP-M87-009,browser,TST-007|TST-009,PASS,PASS_EXACT,0.10000000894069672,Inspector raw controls exist in production surface,"{""surfaceDeclared"":true}"
AIPP-M88-001,browser,TST-001|TST-007|TST-009,PASS,PASS_EXACT,0.09999999403953552,M8.8 editor upgrades existing chamber pyro surface,"{""direct"":true}"
AIPP-M88-002,browser,TST-001|TST-007|TST-009,PASS,PASS_EXACT,34.5,All M8.8 pyro geometry types install defaults,"{""types"":5}"
AIPP-M88-003,browser,TST-001|TST-007|TST-009,PASS,PASS_EXACT,24.100000008940697,Tabular geometry maintains matched arrays,"{""rows"":2}"
AIPP-M88-004,browser,TST-001|TST-007|TST-009,PASS,PASS_EXACT,0.20000000298023224,Runner normalization prevents missing requirements join failure,"{""runnerGuard"":true}"
AIPP-M88-005,browser,TST-001|TST-007|TST-009,PASS,PASS_EXACT,23.299999997019768,Tom Select source controls are hidden after enhancement,"{""className"":""tomselected ts-hidden-accessible""}"
AIPP-M88-006,browser,TST-001|TST-007|TST-009,PASS,PASS_EXACT,23.100000008940697,Formulation and triggering event each render one enhanced control,"{""wrappers"":2}"
AIPP-M88-007,browser,TST-001|TST-007|TST-009,PASS,PASS_EXACT,52,Tom Select instances are replaced without duplicate wrappers,"{""stable"":true}"
AIPP-M88-008,browser,TST-001|TST-007|TST-009,PASS,PASS_EXACT,33.400000005960464,"User formulation selection synchronizes model, source, control, visible item, and summary","{""target"":""BTU_20250528""}"
AIPP-M88-009,browser,TST-001|TST-007|TST-009,PASS,PASS_EXACT,40.5,Formulation remains synchronized after full rerender,"{""target"":""BTU_20250528""}"
AIPP-M88-010,browser,TST-001|TST-007|TST-009,PASS,PASS_EXACT,48.1000000089407,Different pyros retain independent displayed formulations,"{""first"":""B7T_20250528"",""second"":""BTU_20250528""}"
AIPP-M88-011,browser,TST-001|TST-007|TST-009,PASS,PASS_EXACT,23.400000005960464,Selected formulation hides while search query is active and restores without mutation,"{""before"":""B7T_20250528"",""query"":""B7"",""searchingHelper"":true}"
AIPP-M88-C051-001,browser,TST-001|TST-003|TST-007|TST-009,PASS,PASS_EXACT,22.900000005960464,Shape selector contains exactly five documented options,"{""values"":[""sphere"",""tablet"",""grain"",""wafer"",""tabular""]}"
AIPP-M88-C051-002,browser,TST-001|TST-003|TST-007|TST-009,PASS,PASS_EXACT,23.700000002980232,Unsupported shapes are not newly selectable,"{""unsupported"":3}"
AIPP-M88-C051-003,browser,TST-001|TST-003|TST-007|TST-009,PASS,PASS_EXACT,52.70000000298023,Sphere uses radius instead of diameter,"{""shape"":{""radius"":""0.3 mm""}}"
AIPP-M88-C051-004,browser,TST-001|TST-003|TST-007|TST-009,PASS,PASS_EXACT,27.299999997019768,Sphere dimensions use separate value and unit controls,"{""separate"":true,""valueControls"":1,""unitControls"":1}"
AIPP-M88-C051-005,browser,TST-001|TST-003|TST-007|TST-009,PASS,PASS_EXACT,29.799999997019768,Tablet exposes the documented field contract,"{""fields"":3}"
AIPP-M88-C051-006,browser,TST-001|TST-003|TST-007|TST-009,PASS,PASS_EXACT,23.5,Grain exposes the documented six-field contract,"{""fields"":6}"
AIPP-M88-C051-007,browser,TST-001|TST-003|TST-007|TST-009,PASS,PASS_EXACT,50.79999999701977,Grain fin count is an integer without units,"{""numFins"":8,""step"":""1""}"
AIPP-M88-C051-008,browser,TST-001|TST-003|TST-007|TST-009,PASS,PASS_EXACT,31.69999998807907,Wafer exposes the documented field contract,"{""fields"":3}"
AIPP-M88-C051-009,browser,TST-001|TST-003|TST-007|TST-009,PASS,PASS_EXACT,25.399999991059303,Geometry unit changes preserve physical dimensions,"{""radius"":""1 cm""}"
AIPP-M88-C051-010,browser,TST-001|TST-003|TST-007|TST-009,PASS,PASS_EXACT,25.599999994039536,Geometry values persist after pyro switching,"{""second"":""pyro-0002""}"
AIPP-M88-C051-011,browser,TST-001|TST-003|TST-007|TST-009,PASS,PASS_EXACT,29.599999994039536,Geometry values persist after full rerender,"{""preserved"":true}"
AIPP-M88-C051-012,browser,TST-001|TST-003|TST-007|TST-009,PASS,PASS_EXACT,23.899999991059303,Tabular import accepts valid two-column CSV,"{""rows"":3}"
AIPP-M88-C051-013,browser,TST-001|TST-003|TST-007|TST-009,PASS,PASS_EXACT,24.5,CSV cancellation does not modify geometry,"{""unchanged"":true}"
AIPP-M88-C051-014,browser,TST-001|TST-003|TST-007|TST-009,PASS,PASS_EXACT,35.599999994039536,Malformed CSV is atomic,"{""unchanged"":true}"
AIPP-M88-C051-015,browser,TST-001|TST-003|TST-007|TST-009,PASS,PASS_EXACT,45.099999994039536,CSV column-count mismatch is rejected,"{""code"":""AIPP_INVALID_TABULAR_CSV_COLUMNS""}"
AIPP-M88-C051-016,browser,TST-001|TST-003|TST-007|TST-009,PASS,PASS_EXACT,23.400000005960464,Incorrect CSV unit dimensionality is rejected,"{""code"":""AIPP_INVALID_TABULAR_CSV_UNIT""}"
AIPP-M88-C051-017,browser,TST-001|TST-003|TST-007|TST-009,PASS,PASS_EXACT,25,CSV units differing from GUI selections are rejected,"{""code"":""AIPP_TABULAR_CSV_UNIT_MISMATCH""}"
AIPP-M88-C051-018,browser,TST-001|TST-003|TST-007|TST-009,PASS,PASS_EXACT,27,First burn distance must be zero,"{""code"":""AIPP_INVALID_TABULAR_GEOMETRY""}"
AIPP-M88-C051-019,browser,TST-001|TST-003|TST-007|TST-009,PASS,PASS_EXACT,41.5,Final surface area must be zero,"{""code"":""AIPP_INVALID_TABULAR_GEOMETRY""}"
AIPP-M88-C051-020,browser,TST-001|TST-003|TST-007|TST-009,PASS,PASS_EXACT,34.29999999701977,Tabular arrays remain equal in length,"{""rows"":2}"
AIPP-M88-C051-021,browser,TST-001|TST-003|TST-007|TST-009,PASS,PASS_EXACT,26.299999997019768,Burn distances must increase monotonically,"{""code"":""AIPP_INVALID_TABULAR_GEOMETRY""}"
AIPP-M88-C051-022,browser,TST-001|TST-003|TST-007|TST-009,PASS,PASS_EXACT,28.899999991059303,Imported unsupported geometry is preserved but not selectable,"{""geometry"":""cylinder"",""preserved"":true}"
AIPP-M88-P2-001,browser,ARC-010|BLD-012|TST-001|TST-003|TST-007|TST-009,PASS,PASS_EXACT,1.4000000059604645,Chamber-scoped working-copy coordinator is registered,"{""registered"":true}"
AIPP-M88-P2-002,browser,ARC-010|BLD-012|TST-001|TST-003|TST-007|TST-009,PASS,PASS_EXACT,70.79999999701977,Chamber editor composes interactive Properties Pyros Filters and Raw tabs,"{""tabs"":[""properties"",""pyros"",""filters"",""raw""],""interactive"":true}"
AIPP-M88-P2-003,browser,ARC-010|BLD-012|TST-001|TST-003|TST-007|TST-009,PASS,PASS_EXACT,1,Coordinator reuses existing pyro and filter services,"{""s"":{""pyros"":true,""filters"":true}}"
AIPP-M88-P2-004,browser,ARC-010|BLD-012|TST-001|TST-003|TST-007|TST-009,PASS,PASS_EXACT,0.9000000059604645,Chamber quantity fields retain original text before editing,"{""volume"":""1.2300e-3 m3""}"
AIPP-M88-P2-005,browser,ARC-010|BLD-012|TST-001|TST-003|TST-007|TST-009,PASS,PASS_EXACT,1.5,Editing one controlled quantity marks only that field edited,"{""edited"":[""temperature""]}"
AIPP-M88-P2-006,browser,ARC-010|BLD-012|TST-001|TST-003|TST-007|TST-009,PASS,PASS_EXACT,2.199999988079071,Revert restores original field precision text,"{""pressure"":""101325.000 Pa""}"
AIPP-M88-P2-007,browser,ARC-010|BLD-012|TST-001|TST-003|TST-007|TST-009,PASS,PASS_EXACT,2,Mixture presets require an explicit action,"{""species"":4}"
AIPP-M88-P2-008,browser,ARC-010|BLD-012|TST-001|TST-003|TST-007|TST-009,PASS,PASS_EXACT,0.9000000059604645,Unknown mixture preset is rejected cleanly,"{""code"":""AIPP_UNKNOWN_MIXTURE_PRESET""}"
AIPP-M88-P2-009,browser,ARC-010|BLD-012|TST-001|TST-003|TST-007|TST-009,PASS,PASS_EXACT,2.1000000089406967,Chamber validation rejects negative controlled quantities,"{""errors"":[""volume must be non-negative.""]}"
AIPP-M88-P2-010,browser,ARC-010|BLD-012|TST-001|TST-003|TST-007|TST-009,PASS,PASS_EXACT,2.800000011920929,Chamber Apply commits atomically and clears dirty state,"{""revisionDelta"":1}"
AIPP-M88-P2-011,browser,ARC-010|BLD-012|TST-001|TST-003|TST-007|TST-009,PASS,PASS_EXACT,3.0999999940395355,Editing one field preserves unknown chamber extensions,"{""preserved"":true}"
AIPP-M88-P2-012,browser,ARC-010|BLD-012|TST-001|TST-003|TST-007|TST-009,PASS,PASS_EXACT,3,One-field native round trip preserves untouched precision text,"{""volume"":""1.2300e-3 m3"",""pressure"":""101325.000 Pa""}"
AIPP-M88-C0611-001,browser,TST-001|TST-003|TST-007,PASS,PASS_EXACT,2.2999999970197678,Tabular CSV parser accepts GUI-matching units in row one,"{""rows"":2}"
AIPP-M88-C0611-002,browser,TST-001|TST-003|TST-007,PASS,PASS_EXACT,2.199999988079071,Tabular CSV units must exactly match GUI selections,"{""code"":""AIPP_TABULAR_CSV_UNIT_MISMATCH""}"
AIPP-M88-C0611-003,browser,TST-001|TST-003|TST-007,PASS,PASS_EXACT,4,Tabular CSV import is atomic when units mismatch,"{""code"":""AIPP_TABULAR_CSV_UNIT_MISMATCH"",""atomic"":true}"
AIPP-M88-C0611-004,browser,TST-001|TST-003|TST-007,PASS,PASS_EXACT,2.1000000089406967,Tabular CSV requires numeric values below units row,"{""code"":""AIPP_INVALID_TABULAR_CSV_VALUE""}"
AIPP-M88-C0611-005,browser,TST-001|TST-003|TST-007,PASS,PASS_EXACT,45.599999994039536,Tabular editor exposes local CSV file chooser,"{""button"":true,""fileInput"":true}"
AIPP-M88-C0611-006,browser,TST-001|TST-003|TST-007,PASS,PASS_EXACT,31.900000005960464,Surface-area selector exposes only Quaff legal spellings,"{""values"":[""mm^2"",""cm^2"",""m^2""],""defaultValue"":""mm^2""}"
AIPP-M88-C0611-007,browser,TST-001|TST-003|TST-007,PASS,PASS_EXACT,21.599999994039536,Legacy compact area spelling does not satisfy exact CSV match,"{""code"":""AIPP_TABULAR_CSV_UNIT_MISMATCH""}"
AIPP-M88-C0611-008,browser,TST-001|TST-003|TST-007,PASS,PASS_EXACT,22.099999994039536,Imported tabular geometry retains Quaff area-unit spelling,"{""surfaceAreaUnits"":""cm^2""}"
AIPP-M88-C0613-001,browser,TST-001|TST-003|TST-007,PASS,PASS_EXACT,27,Burn-rate model switches between power law and table,"{""switched"":true}"
AIPP-M88-C0613-002,browser,TST-001|TST-003|TST-007,PASS,PASS_EXACT,36.20000000298023,Override and scale modes are mutually exclusive,"{""exclusive"":true}"
AIPP-M88-C0613-003,browser,TST-001|TST-003|TST-007,PASS,PASS_EXACT,41.20000000298023,Burn table rows remain matched,"{""rows"":2}"
AIPP-M88-C0613-004,browser,TST-001|TST-003|TST-007,PASS,PASS_EXACT,45.3999999910593,Burn-rate editor renders functional conditional controls,"{""overrideVisible"":true}"
AIPP-M88-C0613-005,browser,TST-001|TST-003|TST-007,PASS,PASS_EXACT,30.69999998807907,Table editor renders unit and row controls,"{""tableVisible"":true}"
AIPP-M88-C0613-006,browser,TST-001|TST-003|TST-007,PASS,PASS_EXACT,27.799999997019768,Pyro lifecycle controls render together at top of editor,"{""topToolbar"":true,""controls"":5}"
AIPP-M88-C0615-001,browser,TST-001|TST-007,PASS,PASS_EXACT,0.10000000894069672,Empty pyro and filter states expose add actions,"{""emptyActions"":true}"
AIPP-M88-C083-001,browser,ARC-010|BLD-012|TST-001|TST-003|TST-007|TST-009,PASS,PASS_EXACT,4.799999997019768,Chamber label edits remain in working copy until Apply,"{""applied"":true}"
AIPP-M88-C083-002,browser,ARC-010|BLD-012|TST-001|TST-003|TST-007|TST-009,PASS,PASS_EXACT,2.9000000059604645,Chamber label Revert restores original text,"{""reverted"":true}"
AIPP-M88-C083-003,browser,ARC-010|BLD-012|TST-001|TST-003|TST-007|TST-009,PASS,PASS_EXACT,36.3999999910593,Typing in chamber label preserves the active input node,"{""focusPreserved"":true}"
AIPP-M88-C083-004,browser,ARC-010|BLD-012|TST-001|TST-003|TST-007|TST-009,PASS,PASS_EXACT,0.5999999940395355,Filter mass exposes Quaff-safe mass units,"{""units"":[""kg"",""g""]}"
AIPP-M88-C083-005,browser,ARC-010|BLD-012|TST-001|TST-003|TST-007|TST-009,PASS,PASS_EXACT,1.300000011920929,Filter mass unit conversion preserves physical mass,"{""mass"":""76 g""}"
AIPP-M88-C083-006,browser,ARC-010|BLD-012|TST-001|TST-003|TST-007|TST-009,PASS,PASS_EXACT,1.300000011920929,Filter assignment replaces stale orifice indices,"{""orifices"":[1]}"
AIPP-M88-C083-007,browser,ARC-010|BLD-012|TST-001|TST-003|TST-007|TST-009,PASS,PASS_EXACT,7.0999999940395355,Filter checkbox synchronization updates chamber working copy exactly,"{""orifices"":[1],""atomic"":true}"
AIPP-M88-C083-008,browser,ARC-010|BLD-012|TST-001|TST-003|TST-007|TST-009,PASS,PASS_EXACT,0.20000000298023224,Complete Pyro and Filter manager contracts are mounted,"{""missing"":[]}"
AIPP-M88-C083-009,browser,ARC-010|BLD-012|TST-001|TST-003|TST-007|TST-009,PASS,PASS_EXACT,0.30000001192092896,Chamber Pyros surface has no manual formulation-load control,"{""manualLoadControls"":0}"
AIPP-M88-C083-010,browser,ARC-010|BLD-012|TST-001|TST-003|TST-007|TST-009,PASS,PASS_EXACT,0,Runtime material service is available to chamber filters,"{""registered"":true,""cached"":true}"
AIPP-M891-001,browser,TST-001,PASS,PASS_EXACT,0.20000000298023224,Production orifice editor model and view are registered,"{""registered"":true}"
AIPP-M891-002,browser,TST-001,PASS,PASS_EXACT,48.30000001192093,Orifice editor uses an isolated working copy,"{""isolated"":true}"
AIPP-M891-003,browser,TST-001,PASS,PASS_EXACT,9.100000008940697,Revert restores the orifice,"{""reverted"":true}"
AIPP-M891-004,browser,TST-001,PASS,PASS_EXACT,24.899999991059303,Apply commits one authoritative revision,"{""revisionDelta"":1}"
AIPP-M891-005,browser,TST-001,PASS,PASS_EXACT,53.099999994039536,Unknown fields and precision survive Apply,"{""preserved"":true}"
AIPP-M891-006,browser,TST-001,PASS,PASS_EXACT,24.299999997019768,Self-connected endpoints are rejected,"{""rejected"":true}"
AIPP-M891-007,browser,TST-001,PASS,PASS_EXACT,20.100000008940697,num_orif is one or more,"{""rejected"":true}"
AIPP-M891-008,browser,TST-001,PASS,PASS_EXACT,20,Cd range is zero through 1.5,"{""max"":1.5}"
AIPP-M891-009,browser,TST-001,PASS,PASS_EXACT,20.100000008940697,Viscous factor range is zero through 1.5,"{""max"":1.5}"
AIPP-M891-010,browser,TST-001,PASS,PASS_EXACT,31.600000008940697,Initially open retains opens_at,"{""retained"":true}"
AIPP-M891-011,browser,TST-001,PASS,PASS_EXACT,19.400000005960464,Opening pressure is nonnegative,"{""rejected"":true}"
AIPP-M891-012,browser,TST-001,PASS,PASS_EXACT,52.6000000089407,Lookup arrays validate ordering,"{""validated"":true}"
AIPP-M891-013,browser,TST-001,PASS,PASS_EXACT,18.099999994039536,Event inventory is model-derived,"{""events"":3}"
AIPP-M891-014,browser,TST-001,PASS,PASS_EXACT,31.200000002980232,Endpoint change resolves invalid filter assignment,"{""resolved"":true}"
AIPP-M891-016,browser,TST-001,PASS,PASS_EXACT,19.200000002980232,Orifice selection exposes dedicated production tabs,"{""tabs"":2}"
AIPP-M891-017,browser,TST-001,PASS,PASS_EXACT,18.599999994039536,Mounted Properties pane uses separate diameter value and unit controls,"{""mounted"":true}"
AIPP-M891-018,browser,TST-001,PASS,PASS_EXACT,20.30000001192093,Mounted Opening pane contains opening mode and pressure controls,"{""mounted"":true}"
AIPP-M891-019,browser,TST-001,PASS,PASS_EXACT,19.5,Mounted Discharge pane contains basis control,"{""mounted"":true}"
AIPP-M891-020,browser,TST-001,PASS,PASS_EXACT,19.200000002980232,Endpoint selectors show chamber number and label,"{""options"":[""1: Source"",""2: Tank"",""3: Alternate""]}"
AIPP-M891-021,browser,TST-001,PASS,PASS_EXACT,18.799999997019768,Orifice editor mounts shared visual-parity classes,"{""surface"":true,""grid"":true}"
AIPP-M891-022,browser,TST-001,PASS,PASS_EXACT,0,Context routing identifies the Orifice editor,"{""titleContract"":""Orifice editor""}"
AIPP-M891-023,browser,TST-001,PASS,PASS_EXACT,22.700000002980232,Time-dependent Cd renders a structured editable table,"{""table"":true}"
AIPP-M891-024,browser,TST-001,PASS,PASS_EXACT,24,Cd table rows can be added edited and removed,"{""rows"":2}"
AIPP-M891-025,browser,TST-001,PASS,PASS_EXACT,22.80000001192093,Time Cd CSV import is atomic and unit matched,"{""rows"":2}"
AIPP-M891-026,browser,TST-001,PASS,PASS_EXACT,23,Pressure Cd CSV import uses pressure units,"{""rows"":2}"
AIPP-M891-027,browser,TST-001,PASS,PASS_EXACT,21.299999997019768,Cd CSV mismatch and invalid rows preserve working copy,"{""failures"":3}"
AIPP-M891-028,browser,TST-001,PASS,PASS_EXACT,43.29999999701977,Cd CSV requires exactly two columns and two data rows,"{""failures"":2}"
AIPP-M891-029,browser,TST-001,PASS,PASS_EXACT,20.700000002980232,Pyro and Cd tables expose the shared tabular CSS contract,"{""sharedTable"":true,""sharedToolbar"":true}"
AIPP-M891-030,browser,TST-001,PASS,PASS_EXACT,22.299999997019768,Cd table header and CSV help use the selected unit,"{""unit"":""s""}"
AIPP-M891-031,browser,TST-001,PASS,PASS_EXACT,0.09999999403953552,Workspace exposes viewport-filling flex layout contract,"{""workspace"":""aipp-workspace aipp-test-workspace-surface"",""panel"":""aipp-main-panel"",""frame"":""aipp-editor-frame aipp-context-layout""}"
AIPP-M891-032,browser,TST-001,PASS,PASS_EXACT,21,Shared tabular controls retain accessible labels and buttons,"{""accessible"":true}"
AIPP-M891-033,browser,TST-001,PASS,PASS_EXACT,19.200000002980232,Dependent Cd basis initializes continuity and valid rows atomically,"{""continuity"":""discrete"",""rows"":2}"
AIPP-M891-034,browser,TST-001,PASS,PASS_EXACT,5.299999997019768,Loaded dependent Cd data normalizes a missing continuity value,"{""continuity"":""discrete"",""dirty"":false}"
AIPP-M891-035,browser,TST-001,PASS,PASS_EXACT,28.799999997019768,Visible continuity selection agrees with coordinator state,"{""value"":""discrete""}"
AIPP-M891-036,browser,TST-001,PASS,PASS_EXACT,43.29999999701977,Pressure-dependent Cd Apply persists the complete native contract,"{""basis"":""pressure"",""rows"":2}"
AIPP-M891-037,browser,TST-001,PASS,PASS_EXACT,38.79999999701977,Time-dependent Cd CSV import survives Apply and reload,"{""reloaded"":true}"
AIPP-M891-038,browser,TST-001,PASS,PASS_EXACT,46.19999998807907,Invalid dependent Cd rows disable the rendered Apply action,"{""blocked"":true}"
AIPP-M891-039,browser,TST-001,PASS,PASS_EXACT,65.09999999403954,Constant Cd remains available after dependent-basis editing,"{""Cd"":0.66}"
AIPP-M891-040,browser,TST-001,PASS,PASS_EXACT,22.19999998807907,Dependent Cd remove row preserves matched-array lengths,"{""rows"":2}"
AIPP-M891-041,browser,TST-001,PASS,PASS_EXACT,18.599999994039536,Orifice endpoint options retain one-based native values,"{""values"":[""1"",""2"",""3""]}"
AIPP-M891-042,browser,TST-001,PASS,PASS_EXACT,18.900000005960464,Orifice surfaces expose all accepted contextual panes,"{""properties"":true,""opening"":true,""discharge"":true}"
AIPP-M891-043,browser,TST-001,PASS,PASS_EXACT,40.400000005960464,CSV errors are reported inline without changing editor state,"{""code"":""AIPP_ORIFICE_CD_CSV_UNIT_MISMATCH""}"
AIPP-M891-044,browser,TST-001,PASS,PASS_EXACT,22.799999997019768,Apply and Revert state follows dirty and validation state,"{""dirtyControls"":true}"
AIPP-M891-046,browser,TST-001,PASS,PASS_EXACT,8.5,Qualification document remains vertically scrollable,"{""bodyOverflow"":""auto"",""htmlOverflow"":""visible""}"
AIPP-M891-047,browser,TST-001,PASS,PASS_EXACT,27.80000001192093,Production workspace retains viewport containment without locking the document,"{""workspaceOverflow"":""hidden"",""height"":""887px""}"
AIPP-M891-048,browser,TST-001,PASS,PASS_EXACT,0.7000000029802322,Qualification workspace fixture mounts the complete Orifice pane contract,"{""missing"":[],""tabs"":2}"
AIPP-M891-049,browser,TST-001,PASS,PASS_EXACT,41.29999999701977,Endpoint dependency cleanup uses a valid alternate chamber,"{""from"":3,""cleaned"":true}"
AIPP-M892-001,browser,TST-001|TST-003|TST-007|BLD-012,PASS,PASS_EXACT,0.09999999403953552,Wall editor coordinator and view are registered,"{""registered"":true}"
AIPP-M892-002,browser,TST-001|TST-003|TST-007|BLD-012,PASS,PASS_EXACT,5.799999997019768,Wall editor uses isolated working copies,"{""isolated"":true}"
AIPP-M892-003,browser,TST-001|TST-003|TST-007|BLD-012,PASS,PASS_EXACT,7.5,Wall Apply preserves unknown fields and precision,"{""preserved"":true}"
AIPP-M892-004,browser,TST-001|TST-003|TST-007|BLD-012,PASS,PASS_EXACT,22.700000002980232,Wall Apply commits one revision,"{""delta"":1}"
AIPP-M892-005,browser,TST-001|TST-003|TST-007|BLD-012,PASS,PASS_EXACT,7.200000002980232,Wall Revert restores complete working copy,"{""reverted"":true}"
AIPP-M892-006,browser,TST-001|TST-003|TST-007|BLD-012,PASS,PASS_EXACT,9.100000008940697,Five Wall boundary types are supported,"{""types"":5}"
AIPP-M892-007,browser,TST-001|TST-003|TST-007|BLD-012,PASS,PASS_EXACT,15.899999991059303,Wall quantities accept Quaff units,"{""valid"":true}"
AIPP-M892-008,browser,TST-001|TST-003|TST-007|BLD-012,PASS,PASS_EXACT,10.400000005960464,Wall geometry rejects nonpositive values,"{""rejected"":true}"
AIPP-M892-009,browser,TST-001|TST-003|TST-007|BLD-012,PASS,PASS_EXACT,7.700000002980232,Wall self reference is rejected,"{""rejected"":true}"
AIPP-M892-010,browser,TST-001|TST-003|TST-007|BLD-012,PASS,PASS_EXACT,5.799999997019768,Wall cycles are rejected,"{""rejected"":true}"
AIPP-M892-011,browser,TST-001|TST-003|TST-007|BLD-012,PASS,PASS_EXACT,4.5999999940395355,Wall view renders three simultaneous cards,"{""cards"":3}"
AIPP-M892-012,browser,TST-001|TST-003|TST-007|BLD-012,PASS,PASS_EXACT,4.799999997019768,Wall view exposes both boundary controls,"{""boundaries"":2}"
AIPP-M892-013,browser,TST-001|TST-003|TST-007|BLD-012,PASS,PASS_EXACT,8.300000011920929,Wall references are numbered,"{""numbered"":true}"
AIPP-M892-014,browser,TST-001|TST-003|TST-007|BLD-012,PASS,PASS_EXACT,4.5999999940395355,Wall raw working copy is expandable,"{""raw"":true}"
AIPP-M892-016,browser,TST-001|TST-003|TST-007|BLD-012,PASS,PASS_EXACT,12.099999994039536,Wall mode hides redundant contextual chrome,"{""hidden"":true}"
AIPP-M892-017,browser,TST-001|TST-003|TST-007|BLD-012,PASS,PASS_EXACT,13.900000005960464,Wall editor omits duplicate thermal path strip,"{""omitted"":true}"
AIPP-M892-018,browser,TST-001|TST-003|TST-007|BLD-012,PASS,PASS_EXACT,9.700000002980232,Expandable Raw is the sole Wall raw surface,"{""sole"":true}"
AIPP-M892-019,browser,TST-001|TST-003|TST-007|BLD-012,PASS,PASS_EXACT,0,Quaff power conversion supports Wall units,"{""power"":true}"
AIPP-M892-020,browser,TST-001|TST-003|TST-007|BLD-012,PASS,PASS_EXACT,0.09999999403953552,Quaff coefficient conversion supports imperial units,"{""coefficient"":true}"
AIPP-M892-021,browser,TST-001|TST-003|TST-007|BLD-012,PASS,PASS_EXACT,7.799999997019768,Left boundary heat unit change converts displayed value,"{""converted"":true}"
AIPP-M892-022,browser,TST-001|TST-003|TST-007|BLD-012,PASS,PASS_EXACT,5.699999988079071,Right boundary coefficient unit change converts displayed value,"{""converted"":true}"
AIPP-M892-023,browser,TST-001|TST-003|TST-007|BLD-012,PASS,PASS_EXACT,17.899999991059303,Complete Wall edits survive serialize and reopen,"{""roundTrip"":true}"
AIPP-M892-024,browser,TST-001|TST-003|TST-007|BLD-012,PASS,PASS_EXACT,60.1000000089407,All boundary subtypes survive serialization,"{""types"":5}"
AIPP-M892-025,browser,TST-001|TST-003|TST-007|BLD-012,PASS,PASS_EXACT,13,Converted heat rate survives reopen,"{""value"":""341.2141633 BTU/h""}"
AIPP-M892-026,browser,TST-001|TST-003|TST-007|BLD-012,PASS,PASS_EXACT,11.299999997019768,Converted coefficient survives reopen,"{""value"":""8.80550919 BTU/(hr ft^2 F)""}"
AIPP-M892-027,browser,TST-001|TST-003|TST-007|BLD-012,PASS,PASS_EXACT,11.299999997019768,Untouched quantity precision survives reopen,"{""precision"":true}"
AIPP-M892-028,browser,TST-001|TST-003|TST-007|BLD-012,PASS,PASS_EXACT,12.600000008940697,Unknown nested Wall extensions survive reopen,"{""extensions"":true}"
AIPP-M892-029,browser,TST-001|TST-003|TST-007|BLD-012,PASS,PASS_EXACT,16,Multiple Walls remain independent after reopen,"{""independent"":true}"
AIPP-M892-030,browser,TST-001|TST-003|TST-007|BLD-012,PASS,PASS_EXACT,13.899999991059303,Composite Wall references survive reopen,"{""chain"":[1,2]}"
AIPP-M892-031,browser,TST-001|TST-003|TST-007|BLD-012,PASS,PASS_EXACT,14.200000002980232,Reverted Wall edits are not serialized,"{""notPersisted"":true}"
AIPP-M892-032,browser,TST-001|TST-003|TST-007|BLD-012,PASS,PASS_EXACT,8.799999997019768,Discarded unapplied Wall edits are not serialized,"{""discarded"":true}"
AIPP-M892-033,browser,TST-001|TST-003|TST-007|BLD-012,PASS,PASS_EXACT,8.5,Cancelled save is atomic for Wall document state,"{""cancelled"":true,""atomic"":true}"
AIPP-M810-001,browser,TST-001|TST-007,PASS,PASS_EXACT,4.9000000059604645,Phase 0.5B presentation selector is mounted for direct review,"{""mounted"":true,""value"":""phase05b"",""temporaryHost"":true}"
AIPP-M810-002,browser,BLD-012|TST-001,PASS,PASS_EXACT,5.0999999940395355,Presentation switching preserves native deck and topology selection,"{""nativeUnchanged"":true,""selectionPreserved"":true}"
AIPP-M810-003,browser,TST-001|TST-004,PASS,PASS_EXACT,0.10000000894069672,Phase 0.5B graph excludes Chamber-owned Pyro and Filter nodes,"{""nodeKinds"":[""chamber""]}"
AIPP-M810-004,browser,TST-001|TST-007,PASS,PASS_EXACT,0,Proposed topology nodes use Cytoscape-native SVG background metadata,"{""svgNodes"":4,""pyros"":1,""filters"":1}"
AIPP-M810-005,browser,TST-001|TST-007,PASS,PASS_EXACT,0,Interactive Chamber hover card is registered once,"{""registered"":true}"
AIPP-M810-006,browser,TST-001|TST-004,PASS,PASS_EXACT,0.09999999403953552,Option B presentation preserves Pyro and Filter ownership outside graph,"{""graphNodes"":1,""ownedPyros"":2,""ownedFilters"":1,""nativeUnchanged"":true}"
AIPP-M810-007,browser,TST-001|TST-007,PASS,PASS_EXACT,94.29999999701977,Custom Cytoscape SVG images decode as standalone namespaced SVG,"{""loaded"":4,""namespaced"":true}"
AIPP-M810-008,browser,TST-001|TST-007|TST-009,PASS,PASS_EXACT,0,Topology uses Cytoscape default wheel sensitivity,"{""wheelSensitivity"":""cytoscape-default"",""zoom"":1.0021786492374727}"
AIPP-M810-009,browser,TST-001|TST-007,PASS,PASS_EXACT,0.20000000298023224,Chamber badges show icon and quantity without Pyro or Filter words,"{""pyroQuantity"":2,""filterQuantity"":1,""wordsRemoved"":true}"
AIPP-M810-010,browser,TST-001|TST-007,PASS,PASS_EXACT,0,Zero-count Chamber badges are omitted,"{""zeroBadgesOmitted"":true}"
AIPP-M810-011,browser,TST-001|TST-007|BLD-012,PASS,PASS_EXACT,0,General topology hover-card service is registered,"{""registered"":true}"
AIPP-M810-012,browser,TST-001|TST-007|BLD-012,PASS,PASS_EXACT,6,Orifice hover summary resolves endpoints and flow properties,"{""orificeSummary"":true}"
AIPP-M810-013,browser,TST-001|TST-007|BLD-012,PASS,PASS_EXACT,4,Wall hover summary resolves chamber and terminal boundaries,"{""wallSummary"":true}"
AIPP-M810-014,browser,TST-001|TST-007|BLD-012,PASS,PASS_EXACT,3.3999999910593033,Topology hover summaries do not mutate native document,"{""nativeUnchanged"":true}"
AIPP-M810-CLOSE-001,browser,TST-001|TST-007|TST-009|BLD-012,PASS,PASS_EXACT,0.09999999403953552,One reusable hover-card DOM instance is enforced,"{""bound"":true,""visible"":false,""currentKind"":"""",""cardCount"":0,""openCount"":0,""closeCount"":0}"
AIPP-M810-CLOSE-002,browser,TST-001|TST-007|TST-009|BLD-012,PASS,PASS_EXACT,6.700000002980232,Long Chamber content and many Pyros render without native mutation,"{""pyros"":8,""unchanged"":true}"
AIPP-M810-CLOSE-003,browser,TST-001|TST-007|TST-009|BLD-012,PASS,PASS_EXACT,6,Constant and tabular Orifice summaries are compact,"{""constant"":true,""tablePoints"":3}"
AIPP-M810-CLOSE-004,browser,TST-001|TST-007|TST-009|BLD-012,PASS,PASS_EXACT,6.199999988079071,All supported Wall boundary summaries resolve,"{""boundaryTypes"":5}"
AIPP-M810-CLOSE-005,browser,TST-001|TST-007|TST-009|BLD-012,PASS,PASS_EXACT,0,Presentation switch closes the reusable hover card,"{""closed"":true}"
AIPP-M810-CLOSE-006,browser,TST-001|TST-007|TST-009|BLD-012,PASS,PASS_EXACT,5.5,Document replacement closes stale hover content,"{""closed"":true}"
AIPP-M810-CLOSE-007,browser,TST-001|TST-007|TST-009|BLD-012,PASS,PASS_EXACT,5.9000000059604645,Hover summary generation preserves serialization revision and dirty state,"{""serialization"":true,""revision"":true,""dirty"":true}"
AIPP-M810-CLOSE-008,browser,TST-001|TST-007|TST-009|BLD-012,PASS,PASS_EXACT,0,Hover service exposes deterministic lifecycle diagnostics,"{""bound"":true,""visible"":false,""currentKind"":"""",""cardCount"":0,""openCount"":0,""closeCount"":0}"
AIPP-P1-001,browser,ARC-010,PASS,PASS_EXACT,0,Piston collection model is registered,"{""registered"":true}"
AIPP-P1-002,browser,TST-001,PASS,PASS_EXACT,0.5999999940395355,Missing piston collection normalizes to empty,"{""count"":0}"
AIPP-P1-003,browser,BLD-012,PASS,PASS_EXACT,1.5999999940395355,Piston unknown fields survive load and serialize,"{""preserved"":true}"
AIPP-P1-004,browser,TST-001,PASS,PASS_EXACT,2.5,Piston create duplicate move and remove preserve stable editor identities,"{""id"":""piston-editor-000003""}"
AIPP-P1-005,browser,TST-001|TST-003,PASS,PASS_EXACT,6.100000008940697,Piston reorder remaps modulator and event references,"{""remapped"":true}"
AIPP-P1-006,browser,TST-003,PASS,PASS_EXACT,0.20000000298023224,Referenced piston deletion is blocked,"{""code"":""AIPP_PISTON_IN_USE""}"
AIPP-P1-007,browser,TST-001,PASS,PASS_EXACT,0.5,Piston mutations mark authoritative deck dirty,"{""dirty"":true}"
AIPP-P21-001,browser,ARC-010|TST-001,PASS,PASS_EXACT,0.10000000894069672,P2.1 piston editor coordinator and view are registered,"{""registered"":true}"
AIPP-P21-002,browser,TST-001,PASS,PASS_EXACT,2.1000000089406967,Piston graph projection creates inline node and directional links,"{""pistons"":1,""links"":2}"
AIPP-P21-003,browser,TST-001|BLD-012,PASS,PASS_EXACT,1.8999999910593033,Piston graph node retains deterministic native path,"{""path"":""aipp_calculation.assembly.pistons[0]""}"
AIPP-P21-004,browser,TST-001|BLD-012,PASS,PASS_EXACT,5.9000000059604645,Piston editor loads isolated working copy,"{""isolated"":true}"
AIPP-P21-005,browser,TST-001,PASS,PASS_EXACT,20.399999991059303,Piston Revert restores complete native working record,"{""reverted"":true}"
AIPP-P21-006,browser,TST-001|BLD-012,PASS,PASS_EXACT,12.299999997019768,Piston Apply commits one authoritative revision,"{""revisionDelta"":1}"
AIPP-P21-007,browser,TST-001|BLD-012,PASS,PASS_EXACT,7.5999999940395355,Piston Apply preserves unknown fields and untouched precision,"{""preserved"":true}"
AIPP-P21-008,browser,TST-007|TST-009,PASS,PASS_EXACT,4.5,Mounted piston shell exposes three columns and raw working copy,"{""columns"":3,""raw"":true}"
AIPP-P21-009,browser,TST-001,PASS,PASS_EXACT,11.200000002980232,Piston collection actions retain stable editor identities,"{""stable"":true}"
AIPP-P22-001,browser,TST-001|TST-003|TST-007|BLD-012,PASS,PASS_EXACT,4.100000008940697,P2.2 editor exposes chamber inventory,"{""chambers"":3}"
AIPP-P22-002,browser,TST-001|TST-003|TST-007|BLD-012,PASS,PASS_EXACT,4.800000011920929,Piston chamber endpoints edit in isolated working copy,"{""isolated"":true}"
AIPP-P22-003,browser,TST-001|TST-003|TST-007|BLD-012,PASS,PASS_EXACT,5.200000002980232,Equal piston endpoints are rejected,"{""rejected"":true}"
AIPP-P22-004,browser,TST-001|TST-003|TST-007|BLD-012,PASS,PASS_EXACT,5.0999999940395355,Invalid chamber reference is rejected,"{""rejected"":true}"
AIPP-P22-005,browser,TST-001|TST-003|TST-007|BLD-012,PASS,PASS_EXACT,5.0999999940395355,Travel targets must increase,"{""rejected"":true}"
AIPP-P22-006,browser,TST-001|TST-003|TST-007|BLD-012,PASS,PASS_EXACT,5.5,Lookup arrays require matched lengths,"{""rejected"":true}"
AIPP-P22-007,browser,TST-001|TST-003|TST-007|BLD-012,PASS,PASS_EXACT,4.0999999940395355,JSON editor rejects malformed content atomically,"{""code"":""AIPP_INVALID_PISTON_JSON""}"
AIPP-P22-008,browser,TST-001|TST-003|TST-007|BLD-012,PASS,PASS_EXACT,8.799999997019768,Piston Apply preserves unknown extensions and precision,"{""preserved"":true}"
AIPP-P22-009,browser,TST-001|TST-003|TST-007|BLD-012,PASS,PASS_EXACT,6.5,Piston Revert restores nested laws,"{""reverted"":true}"
AIPP-P22-010,browser,TST-001|TST-003|TST-007|BLD-012,PASS,PASS_EXACT,5,P2.2 mounted editor contains functional controls,"{""mounted"":true}"
AIPP-P22-011,browser,TST-001|TST-003|TST-007|BLD-012,PASS,PASS_EXACT,8.699999988079071,Piston Apply commits one authoritative revision,"{""delta"":1}"
AIPP-P22C2-001,browser,TST-001|TST-003|TST-007,PASS,PASS_EXACT,0.20000000298023224,Piston label defaults to empty string,"{""labelSupported"":true}"
AIPP-P22C2-002,browser,TST-001|TST-003|TST-007,PASS,PASS_EXACT,1.7000000029802322,Piston editor omits assembly collection controls,"{""omitted"":true}"
AIPP-P22C2-003,browser,TST-001|TST-003|TST-007,PASS,PASS_EXACT,1.2999999970197678,Piston editor has general left and right columns,"{""columns"":3}"
AIPP-P22C2-004,browser,TST-001|TST-003|TST-007,PASS,PASS_EXACT,1.9000000059604645,Mass basis change installs deterministic fields,"{""basis"":""time""}"
AIPP-P22C2-005,browser,TST-001|TST-003|TST-007,PASS,PASS_EXACT,3.3999999910593033,Scalar unit conversion preserves physical value,"{""converted"":true}"
AIPP-P22C2-006,browser,TST-001|TST-003|TST-007,PASS,PASS_EXACT,3.2000000029802322,Lookup-unit conversion updates complete column,"{""converted"":true}"
AIPP-P22C3-001,browser,TST-001|TST-007|TST-009,PASS,PASS_EXACT,0.09999999403953552,Piston editor resolves shared QuaFF unit service,"{""service"":""aippQuaffUnits""}"
AIPP-P22C3-002,browser,TST-001|TST-007|TST-009,PASS,PASS_EXACT,1.5999999940395355,Dedicated piston renderer owns properties DOM,"{""owner"":""piston""}"
AIPP-P22C3-003,browser,TST-001|TST-007|TST-009,PASS,PASS_EXACT,1.6000000089406967,Piston properties render label and side controls,"{""controls"":true}"
AIPP-P22C3-004,browser,TST-001|TST-007|TST-009,PASS,PASS_EXACT,0.10000000894069672,Piston editor does not expose chamber nested tabs,"{""pistonTabs"":[""properties"",""raw""]}"
AIPP-P22C3-005,browser,TST-001|TST-007|TST-009,PASS,PASS_EXACT,0.6000000089406967,Generic inspector refuses piston DOM ownership,"{""protected"":true}"
AIPP-P22C4-001,browser,TST-001|TST-003|TST-007|BLD-012,PASS,PASS_EXACT,1.800000011920929,Piston columns are left general right,"{""order"":[""LEFT SIDE"",""GENERAL"",""RIGHT SIDE""]}"
AIPP-P22C4-002,browser,TST-001|TST-003|TST-007|BLD-012,PASS,PASS_EXACT,0.29999999701976776,CSV parser accepts header and numeric rows,"{""rows"":2}"
AIPP-P22C4-003,browser,TST-001|TST-003|TST-007|BLD-012,PASS,PASS_EXACT,0.10000000894069672,CSV parser rejects non-increasing independent values,"{""code"":""AIPP_INVALID_PISTON_CSV""}"
AIPP-P22C4-004,browser,TST-001|TST-003|TST-007|BLD-012,PASS,PASS_EXACT,4.600000008940697,CSV preview stays CSV-backed until local edit,"{""csv"":true}"
AIPP-P22C4-005,browser,TST-001|TST-003|TST-007|BLD-012,PASS,PASS_EXACT,5.9000000059604645,Edit locally converts CSV preview to table arrays,"{""local"":true}"
AIPP-P22C4-006,browser,TST-001|TST-003|TST-007|BLD-012,PASS,PASS_EXACT,1.6000000089406967,Travel targets use single-column editor controls,"{""table"":true}"
AIPP-P22C4-007,browser,TST-001|TST-003|TST-007|BLD-012,PASS,PASS_EXACT,4.5,Travel unit conversion converts every target,"{""converted"":true}"
AIPP-P22C4-008,browser,TST-001|TST-003|TST-007|BLD-012,PASS,PASS_EXACT,4.5,Travel row add and remove are deterministic,"{""rows"":2}"
AIPP-BF1-001,browser,TST-001|TST-003|TST-007|BLD-012,PASS,PASS_EXACT,2.7999999970197678,Empty body-force collection renders empty state,"{""empty"":true}"
AIPP-BF1-002,browser,TST-001|TST-003|TST-007|BLD-012,PASS,PASS_EXACT,3.3999999910593033,Add installs deterministic constant force,"{""created"":true}"
AIPP-BF1-003,browser,TST-001|TST-003|TST-007|BLD-012,PASS,PASS_EXACT,7.899999991059303,Multiple body forces remain independent,"{""independent"":true}"
AIPP-BF1-004,browser,TST-001|TST-003|TST-007|BLD-012,PASS,PASS_EXACT,6.299999997019768,Remove selects deterministic neighbor,"{""selected"":0}"
AIPP-BF1-005,browser,TST-001|TST-003|TST-007|BLD-012,PASS,PASS_EXACT,4.5999999940395355,Removing final force returns empty state,"{""empty"":true}"
AIPP-BF1-006,browser,TST-001|TST-003|TST-007|BLD-012,PASS,PASS_EXACT,6.399999991059303,Force unit conversion preserves physical value,"{""converted"":true}"
AIPP-BF1-007,browser,TST-001|TST-003|TST-007|BLD-012,PASS,PASS_EXACT,4.799999997019768,Ordinary magnitude edit preserves unknown fields,"{""preserved"":true}"
AIPP-BF1-008,browser,TST-001|TST-003|TST-007|BLD-012,PASS,PASS_EXACT,2,Invalid force unit blocks Apply,"{""rejected"":true}"
AIPP-BF1-009,browser,TST-001|TST-003|TST-007|BLD-012,PASS,PASS_EXACT,3.199999988079071,Revert restores body-force collection,"{""reverted"":true}"
AIPP-BF1-010,browser,TST-001|TST-003|TST-007|BLD-012,PASS,PASS_EXACT,4.399999991059303,Body-force controls render in piston properties,"{""rendered"":true}"
AIPP-BF1R-001,browser,TST-001|TST-003|TST-007|BLD-012,PASS,PASS_EXACT,4.9000000059604645,Rendered Add body force click mutates working copy,"{""clicked"":true}"
AIPP-BF1R-002,browser,TST-001|TST-003|TST-007|BLD-012,PASS,PASS_EXACT,5,Mass basis change displays source controls,"{""basis"":""displacement""}"
AIPP-BF1R-003,browser,TST-001|TST-003|TST-007|BLD-012,PASS,PASS_EXACT,3.5,Area basis change displays lookup table,"{""basis"":""time""}"
AIPP-BF1R-004,browser,TST-001|TST-003|TST-007|BLD-012,PASS,PASS_EXACT,3.800000011920929,Friction basis change displays source controls,"{""source"":true}"
AIPP-BF1R-005,browser,TST-001|TST-003|TST-007|BLD-012,PASS,PASS_EXACT,5.799999997019768,Table to CSV interaction rerenders Open CSV control,"{""csv"":true}"
AIPP-BF1R-006,browser,TST-001|TST-003|TST-007|BLD-012,PASS,PASS_EXACT,7.799999997019768,Delegated interactions survive repeated rerenders,"{""count"":2}"
AIPP-BF1V-001,browser,TST-001|TST-007|BLD-012,PASS,PASS_EXACT,13.900000005960464,Body-force selector precedes full-width detail,"{""stacked"":true}"
AIPP-BF1V-002,browser,TST-001|TST-007|BLD-012,PASS,PASS_EXACT,13.299999997019768,Body-force selector cards wrap and retain selection,"{""cards"":2}"
AIPP-BF1V-003,browser,TST-001|TST-007|BLD-012,PASS,PASS_EXACT,5.9000000059604645,Selector summary is rounded without changing native value,"{""display"":""22.24 N""}"
AIPP-BF1V-004,browser,TST-001|TST-007|BLD-012,PASS,PASS_EXACT,5.5,Magnitude editor retains full native precision,"{""precision"":true}"
AIPP-BF2-001,browser,TST-001|TST-003|TST-007|BLD-012,PASS,PASS_EXACT,6.0999999940395355,Body force type creates displacement default,"{""type"":""displacement""}"
AIPP-BF2-002,browser,TST-001|TST-003|TST-007|BLD-012,PASS,PASS_EXACT,6.399999991059303,Time body force table converts units,"{""converted"":true}"
AIPP-BF2-003,browser,TST-001|TST-003|TST-007|BLD-012,PASS,PASS_EXACT,6.200000002980232,Lookup rows remain paired,"{""paired"":true}"
AIPP-BF2-004,browser,TST-001|TST-003|TST-007|BLD-012,PASS,PASS_EXACT,0.29999999701976776,Body force CSV parses unit header,"{""rows"":2}"
AIPP-BF2-005,browser,TST-001|TST-003|TST-007|BLD-012,PASS,PASS_EXACT,0.10000000894069672,Invalid CSV dimensions rejected,"{""code"":""AIPP_BODY_FORCE_CSV_UNITS""}"
AIPP-BF2-006,browser,TST-001|TST-003|TST-007|BLD-012,PASS,PASS_EXACT,8.300000011920929,Edit locally installs CSV arrays and units,"{""local"":true}"
AIPP-BF2-007,browser,TST-001|TST-003|TST-007|BLD-012,PASS,PASS_EXACT,4.4000000059604645,Lookup selector summary identifies table points,"{""summary"":true}"
AIPP-BF2-008,browser,TST-001|TST-003|TST-007|BLD-012,PASS,PASS_EXACT,2.300000011920929,Type selector renders all supported types,"{""types"":3}"
AIPP-BF2C2-001,browser,TST-001|TST-003|TST-007|BLD-012,PASS,PASS_EXACT,0,Body force CSV parses LF line endings,"{""rows"":3}"
AIPP-BF2C2-002,browser,TST-001|TST-003|TST-007|BLD-012,PASS,PASS_EXACT,0,Body force CSV parses CRLF line endings,"{""rows"":3}"
AIPP-BF2C2-003,browser,TST-001|TST-003|TST-007|BLD-012,PASS,PASS_EXACT,0.10000000894069672,Body force CSV parses CR and UTF8 BOM,"{""bom"":true}"
AIPP-BF2C2-004,browser,TST-001|TST-003|TST-007|BLD-012,PASS,PASS_EXACT,6.4000000059604645,Reported customer CSV imports successfully,"{""file"":""bodyForce_time.csv""}"
AIPP-BF2C2-005,browser,TST-001|TST-003|TST-007|BLD-012,PASS,PASS_EXACT,6.800000011920929,Mass lookup defaults to interpolate,"{""continuity"":""interpolate""}"
AIPP-BF2C2-006,browser,TST-001|TST-003|TST-007|BLD-012,PASS,PASS_EXACT,5.899999991059303,Mass editor omits continuity selector,"{""hidden"":true}"
AIPP-BF2C2-007,browser,TST-001|TST-003|TST-007|BLD-012,PASS,PASS_EXACT,2.2000000029802322,Invalid imported mass continuity blocks apply,"{""blocked"":true}"
AIPP-PREP2-C03-001,browser,TST-001,PASS,PASS_EXACT,10.299999997019768,Hydrated pyro selection remains interactive,"{""selected"":""native-pyro-0003""}"
AIPP-PREP2-C03-002,browser,TST-001,PASS,PASS_EXACT,0.7999999970197678,Imported formulation is retained as a selectable value,"{""formulation"":""FORM_1""}"
AIPP-PREP2-C03-003,browser,TST-001,PASS,PASS_EXACT,6.699999988079071,Duplicate preserves selection and adds one pyro,"{""count"":4}"
AIPP-PREP2-C03-004,browser,TST-001,PASS,PASS_EXACT,6.700000002980232,Filter add and duplicate remain interactive,"{""count"":2}"
AIPP-PREP2-C03-005,browser,ARC-010|BLD-012,PASS,PASS_EXACT,4.200000002980232,Working selection does not mutate master JSON,"{""masterUnchanged"":true}"
AIPP-C06-FORM-001,browser,ARC-010|BLD-012|TST-001|TST-003|TST-007|TST-009,PASS,PASS_EXACT,59.6000000089407,Mounted selector exposes every protected formulation,"{""protectedOptions"":79,""totalOptions"":80}"
AIPP-C06-FORM-002,browser,ARC-010|BLD-012|TST-001|TST-003|TST-007|TST-009,PASS,PASS_EXACT,121.5,Actual row clicks switch three pyros without reducing protected inventory,"{""clicked"":3,""protectedOptions"":79}"
AIPP-C06-FORM-003,browser,ARC-010|BLD-012|TST-001|TST-003|TST-007|TST-009,PASS,PASS_EXACT,172.6000000089407,Typed case-insensitive partial search renders PNP results,"{""matches"":43}"
AIPP-C06-FORM-004,browser,ARC-010|BLD-012|TST-001|TST-003|TST-007|TST-009,PASS,PASS_EXACT,121.20000000298023,Clicking search result changes only selected pyro before Apply,"{""selected"":""native-pyro-0002"",""masterUnchanged"":true}"
AIPP-C06-FORM-005,browser,ARC-010|BLD-012|TST-001|TST-003|TST-007|TST-009,PASS,PASS_EXACT,134.59999999403954,Apply and reopen persist ordered pyro array,"{""persisted"":true}"
AIPP-C06-FORM-006,browser,ARC-010|BLD-012|TST-001|TST-003|TST-007|TST-009,PASS,PASS_EXACT,109,Clearing search preserves selection and one enhanced control,"{""wrappers"":1}"
AIPP-C06-FORM-007,browser,ARC-010|BLD-012|TST-001|TST-003|TST-007|TST-009,PASS,PASS_EXACT,96.5,Unmatched imported formulation coexists with protected inventory,"{""protected"":79,""total"":80}"
AIPP-C06-FORM-008,browser,ARC-010|BLD-012|TST-001|TST-003|TST-007|TST-009,PASS,PASS_EXACT,108.70000000298023,Inventory refresh is selection-safe and preserves active edits,"{""piles"":7,""staleRejected"":true}"
AIPP-C1-001,browser,ARC-010,PASS,PASS_EXACT,0.19999998807907104,Chamber collection model is registered,"{""registered"":true}"
AIPP-C1-002,browser,TST-001,PASS,PASS_EXACT,0.5,Empty chamber collection normalizes to zero items,"{""count"":0}"
AIPP-C1-003,browser,BLD-012,PASS,PASS_EXACT,1.4000000059604645,Chamber unknown fields survive load and serialize,"{""preserved"":true}"
AIPP-C1-004,browser,TST-001,PASS,PASS_EXACT,6.700000002980232,Chamber create duplicate move and remove preserve stable editor identities,"{""id"":""chamber-editor-000016""}"
AIPP-C1-005,browser,TST-001|TST-003,PASS,PASS_EXACT,7.700000002980232,"Chamber reorder remaps tank, orifice, wall, and piston references","{""remapped"":true}"
AIPP-C1-006,browser,TST-003,PASS,PASS_EXACT,0.10000000894069672,Referenced chamber deletion is blocked,"{""code"":""AIPP_CHAMBER_IN_USE""}"
AIPP-C1-007,browser,TST-001,PASS,PASS_EXACT,1.2999999970197678,Chamber mutations mark authoritative deck dirty,"{""dirty"":true}"
AIPP-C1-008,browser,TST-001,PASS,PASS_EXACT,9.300000011920929,Chamber editor coordinator create duplicate move and remove wrap the collection model,"{""wired"":true}"
AIPP-C1-009,browser,TST-001|TST-003,PASS,PASS_EXACT,56.20000000298023,Chamber reorder remaps CxPy pyro ignition and extinguished event strings,"{""remapped"":true}"
AIPP-O1-001,browser,ARC-010,PASS,PASS_EXACT,0,Orifice collection model is registered,"{""registered"":true}"
AIPP-O1-002,browser,TST-001,PASS,PASS_EXACT,0.3999999910593033,Empty orifice collection normalizes to zero items,"{""count"":0}"
AIPP-O1-003,browser,BLD-012,PASS,PASS_EXACT,2,Orifice unknown fields survive load and serialize,"{""preserved"":true}"
AIPP-O1-004,browser,TST-001,PASS,PASS_EXACT,13.100000008940697,Orifice create duplicate move and remove preserve stable editor identities,"{""id"":""orifice-editor-000013""}"
AIPP-O1-005,browser,TST-001|TST-003,PASS,PASS_EXACT,6.200000002980232,Orifice reorder remaps chamber filter and open/closed event references,"{""remapped"":true}"
AIPP-O1-006,browser,TST-003,PASS,PASS_EXACT,0.20000000298023224,Referenced orifice deletion is blocked,"{""code"":""AIPP_ORIFICE_IN_USE""}"
AIPP-O1-007,browser,TST-001,PASS,PASS_EXACT,3.199999988079071,Orifice mutations mark authoritative deck dirty,"{""dirty"":true}"
AIPP-O1-008,browser,TST-001,PASS,PASS_EXACT,21.80000001192093,Orifice editor coordinator create duplicate move and remove wrap the collection model,"{""wired"":true}"
AIPP-W1-001,browser,ARC-010,PASS,PASS_EXACT,0.09999999403953552,Wall collection model is registered,"{""registered"":true}"
AIPP-W1-002,browser,TST-001,PASS,PASS_EXACT,0.4000000059604645,Empty wall collection normalizes to zero items,"{""count"":0}"
AIPP-W1-003,browser,BLD-012,PASS,PASS_EXACT,0.7000000029802322,Wall unknown fields survive load and serialize,"{""preserved"":true}"
AIPP-W1-004,browser,TST-001,PASS,PASS_EXACT,3.2000000029802322,Wall create duplicate move and remove preserve stable editor identities,"{""id"":""wall-editor-000013""}"
AIPP-W1-005,browser,TST-001|TST-003,PASS,PASS_EXACT,1.5999999940395355,Wall reorder remaps WALL-type wall_index references,"{""remapped"":true}"
AIPP-W1-006,browser,TST-003,PASS,PASS_EXACT,0.20000000298023224,Referenced wall deletion is blocked,"{""code"":""AIPP_WALL_IN_USE""}"
AIPP-W1-007,browser,TST-001,PASS,PASS_EXACT,0.7000000029802322,Wall mutations mark authoritative deck dirty,"{""dirty"":true}"
AIPP-W1-008,browser,TST-001,PASS,PASS_EXACT,7.799999997019768,Wall editor coordinator create duplicate move and remove wrap the collection model,"{""wired"":true}"
AIPP-TOPOACT-001,browser,ARC-010|TST-001,PASS,PASS_EXACT,0,Topology actions service and toolbar controls are registered,"{""missing"":[]}"
AIPP-TOPOACT-002,browser,TST-001,PASS,PASS_EXACT,8.5,Add chamber toolbar button creates a chamber,"{""before"":3,""after"":4}"
AIPP-TOPOACT-003,browser,TST-001,PASS,PASS_EXACT,13.899999991059303,Add orifice/wall/piston toolbar buttons create entities,"{""orifices"":2,""walls"":1,""pistons"":1}"
AIPP-TOPOACT-004,browser,TST-001|TST-007,PASS,PASS_EXACT,96.69999998807907,Canvas background context menu adds an entity,"{""buttons"":[""Add Chamber"",""Add Orifice"",""Add Wall"",""Add Piston""]}"
AIPP-TOPOACT-005,browser,TST-001|TST-007,PASS,PASS_EXACT,49.5,Node context menu removes an unreferenced chamber,"{""removed"":true}"
AIPP-TOPOACT-006,browser,TST-003,PASS,PASS_EXACT,6.5,Removing an in-use chamber is blocked and reported,"{""message"":""[{\""kind\"":\""orifice_endpoint\"",\""path\"":\""orifices[0].from\"",\""orificeIndex\"":1,\""chamberIndex\"":1}]""}"
AIPP-TOPOACT-007,browser,TST-001|TST-007,PASS,PASS_EXACT,8.600000008940697,Delete key removes the selected unreferenced node,"{""deleted"":true}"
AIPP-TOPOACT-008,browser,TST-003,PASS,PASS_EXACT,44.900000005960464,Delete key is ignored while an editable control has focus,"{""ignored"":true}"
CT-MSG-001,contract,TST-002|TST-003,PASS,PASS_EXACT,59.79999999701977,Valid echo envelope,"{""fixtureId"":""CT-MSG-001"",""category"":""message"",""browser"":{""fixture_id"":""CT-MSG-001"",""accepted"":true,""error_code"":"""",""request_id_preserved"":true},""scilab"":{""fixture_id"":""CT-MSG-001"",""accepted"":true,""error_code"":"""",""request_id_preserved"":true},""expected"":{""accepted"":true,""error_code"":"""",""request_id_preserved"":true},""match"":true}"
CT-MSG-002,contract,TST-002|TST-003,PASS,PASS_EXACT,55.70000000298023,Missing message type,"{""fixtureId"":""CT-MSG-002"",""category"":""message"",""browser"":{""fixture_id"":""CT-MSG-002"",""accepted"":false,""error_code"":""MISSING_TYPE"",""request_id_preserved"":true},""scilab"":{""fixture_id"":""CT-MSG-002"",""accepted"":false,""error_code"":""MISSING_TYPE"",""request_id_preserved"":true},""expected"":{""accepted"":false,""error_code"":""MISSING_TYPE"",""request_id_preserved"":true},""match"":true}"
CT-MSG-003,contract,TST-002|TST-003,PASS,PASS_EXACT,50.5,Missing request ID,"{""fixtureId"":""CT-MSG-003"",""category"":""message"",""browser"":{""fixture_id"":""CT-MSG-003"",""accepted"":false,""error_code"":""MISSING_REQUEST_ID"",""request_id_preserved"":false},""scilab"":{""fixture_id"":""CT-MSG-003"",""accepted"":false,""error_code"":""MISSING_REQUEST_ID"",""request_id_preserved"":false},""expected"":{""accepted"":false,""error_code"":""MISSING_REQUEST_ID"",""request_id_preserved"":false},""match"":true}"
CT-MSG-004,contract,TST-002|TST-003,PASS,PASS_EXACT,62.599999994039536,Invalid protocol name,"{""fixtureId"":""CT-MSG-004"",""category"":""message"",""browser"":{""fixture_id"":""CT-MSG-004"",""accepted"":false,""error_code"":""INVALID_PROTOCOL"",""request_id_preserved"":true},""scilab"":{""fixture_id"":""CT-MSG-004"",""accepted"":false,""error_code"":""INVALID_PROTOCOL"",""request_id_preserved"":true},""expected"":{""accepted"":false,""error_code"":""INVALID_PROTOCOL"",""request_id_preserved"":true},""match"":true}"
CT-MSG-005,contract,TST-002|TST-003,PASS,PASS_EXACT,56.70000000298023,Unsupported major protocol version,"{""fixtureId"":""CT-MSG-005"",""category"":""message"",""browser"":{""fixture_id"":""CT-MSG-005"",""accepted"":false,""error_code"":""UNSUPPORTED_VERSION"",""request_id_preserved"":true},""scilab"":{""fixture_id"":""CT-MSG-005"",""accepted"":false,""error_code"":""UNSUPPORTED_VERSION"",""request_id_preserved"":true},""expected"":{""accepted"":false,""error_code"":""UNSUPPORTED_VERSION"",""request_id_preserved"":true},""match"":true}"
CT-MSG-006,contract,TST-002|TST-003,PASS,PASS_EXACT,58.20000000298023,Unknown optional field tolerated,"{""fixtureId"":""CT-MSG-006"",""category"":""message"",""browser"":{""fixture_id"":""CT-MSG-006"",""accepted"":true,""error_code"":"""",""request_id_preserved"":true},""scilab"":{""fixture_id"":""CT-MSG-006"",""accepted"":true,""error_code"":"""",""request_id_preserved"":true},""expected"":{""accepted"":true,""error_code"":"""",""request_id_preserved"":true},""match"":true}"
CT-XFR-001,contract,TST-002|TST-003,PASS,PASS_EXACT,59.8999999910593,Ordered chunk sequence,"{""fixtureId"":""CT-XFR-001"",""category"":""chunk_sequence"",""browser"":{""fixture_id"":""CT-XFR-001"",""accepted"":true,""error_code"":"""",""received_count"":3},""scilab"":{""fixture_id"":""CT-XFR-001"",""accepted"":true,""error_code"":"""",""received_count"":3},""expected"":{""accepted"":true,""error_code"":"""",""received_count"":3},""match"":true}"
CT-XFR-002,contract,TST-002|TST-003,PASS,PASS_EXACT,50.900000005960464,Out-of-order chunk sequence,"{""fixtureId"":""CT-XFR-002"",""category"":""chunk_sequence"",""browser"":{""fixture_id"":""CT-XFR-002"",""accepted"":true,""error_code"":"""",""received_count"":3},""scilab"":{""fixture_id"":""CT-XFR-002"",""accepted"":true,""error_code"":"""",""received_count"":3},""expected"":{""accepted"":true,""error_code"":"""",""received_count"":3},""match"":true}"
CT-XFR-003,contract,TST-002|TST-003,PASS,PASS_EXACT,51.30000001192093,Duplicate chunk rejected,"{""fixtureId"":""CT-XFR-003"",""category"":""chunk_sequence"",""browser"":{""fixture_id"":""CT-XFR-003"",""accepted"":false,""error_code"":""DUPLICATE_CHUNK"",""received_count"":2},""scilab"":{""fixture_id"":""CT-XFR-003"",""accepted"":false,""error_code"":""DUPLICATE_CHUNK"",""received_count"":2},""expected"":{""accepted"":false,""error_code"":""DUPLICATE_CHUNK"",""received_count"":2},""match"":true}"
CT-XFR-004,contract,TST-002|TST-003,PASS,PASS_EXACT,63.5,Missing chunk prevents completion,"{""fixtureId"":""CT-XFR-004"",""category"":""chunk_sequence"",""browser"":{""fixture_id"":""CT-XFR-004"",""accepted"":false,""error_code"":""INCOMPLETE_TRANSFER"",""received_count"":2},""scilab"":{""fixture_id"":""CT-XFR-004"",""accepted"":false,""error_code"":""INCOMPLETE_TRANSFER"",""received_count"":2},""expected"":{""accepted"":false,""error_code"":""INCOMPLETE_TRANSFER"",""received_count"":2},""match"":true}"
CT-XFR-005,contract,TST-002|TST-003,PASS,PASS_EXACT,56.400000005960464,Checksum failure rejected,"{""fixtureId"":""CT-XFR-005"",""category"":""chunk_sequence"",""browser"":{""fixture_id"":""CT-XFR-005"",""accepted"":false,""error_code"":""TRANSFER_CHECKSUM_MISMATCH"",""received_count"":3},""scilab"":{""fixture_id"":""CT-XFR-005"",""accepted"":false,""error_code"":""TRANSFER_CHECKSUM_MISMATCH"",""received_count"":3},""expected"":{""accepted"":false,""error_code"":""TRANSFER_CHECKSUM_MISMATCH"",""received_count"":3},""match"":true}"
CT-XFR-006,contract,TST-002|TST-003,PASS,PASS_EXACT,58.599999994039536,Cancellation settles cleanly,"{""fixtureId"":""CT-XFR-006"",""category"":""chunk_sequence"",""browser"":{""fixture_id"":""CT-XFR-006"",""accepted"":false,""error_code"":""TRANSFER_CANCELLED"",""received_count"":1},""scilab"":{""fixture_id"":""CT-XFR-006"",""accepted"":false,""error_code"":""TRANSFER_CANCELLED"",""received_count"":1},""expected"":{""accepted"":false,""error_code"":""TRANSFER_CANCELLED"",""received_count"":1},""match"":true}"
INT-START-001,integration,TST-005,PASS,PASS_EXACT,0.09999999403953552,Browser startup and loaded handshake complete,"{""hostReady"":true,""hostVersion"":""scilab-2026.1.0"",""startupElapsedMs"":8571.59999999404}"
INT-START-002,integration,PRO-002|TST-005,PASS,PASS_EXACT,52,Explicit protocol handshake agrees with runtime,"{""scilab_version"":""scilab-2026.1.0"",""minimum_scilab_version"":""2026.1.0"",""capabilities"":[""safe_control_json"",""request_response"",""structured_errors""]}"
INT-MSG-001,integration,PRO-003|PRO-004,PASS,PASS_EXACT,57.1000000089407,Bidirectional echo preserves request correlation,"{""requestId"":""integration-echo-1788296897092-000028"",""responseType"":""diagnostic.echo.response""}"
INT-MSG-002,integration,PRO-007|PRO-008,PASS,PASS_EXACT,107.69999998807907,Host-to-browser notification is routed,"{""notificationType"":""test.host.notification"",""token"":""notify-p43""}"
INT-MSG-003,integration,PRO-006|TST-003,PASS,PASS_EXACT,58.400000005960464,Unknown type returns structured error,"{""code"":""UNSUPPORTED_TYPE"",""message"":""No handler is registered for message type: test.unknown.operation""}"
INT-MSG-004,integration,PRO-005|TST-003,PASS,PASS_EXACT,60.400000005960464,Malformed bridge payload returns callback error,"{""code"":""HOST_CALLBACK_EXCEPTION"",""responseType"":""protocol.error""}"
INT-MSG-005,integration,TST-003,PASS,PASS_EXACT,52.3999999910593,Request succeeds after protocol failures,"{""recovered"":true}"
INT-XFR-001,integration,PRO-010|TST-003,PASS,PASS_EXACT,319.70000000298023,Real ordered generic transfer commits atomically,"{""size"":20,""checksum"":1915}"
INT-XFR-002,integration,PRO-010|TST-003,PASS,PASS_EXACT,288.6000000089407,Real out-of-order generic transfer commits,"{""chunks"":4}"
INT-XFR-003,integration,PRO-010|TST-003,PASS,PASS_EXACT,232.20000000298023,Real duplicate chunk is rejected and cancelled,"{""code"":""DUPLICATE_CHUNK"",""message"":""Chunk was already received.""}"
INT-XFR-004,integration,PRO-010|TST-003,PASS,PASS_EXACT,234.29999999701977,Incomplete transfer cannot replace committed data,"{""code"":""INCOMPLETE_TRANSFER"",""message"":""One or more chunks are missing."",""atomicCommitPreserved"":true}"
INT-XFR-005,integration,PRO-010|TST-003,PASS,PASS_EXACT,285,Whole-transfer checksum failure prevents commit,"{""code"":""TRANSFER_CHECKSUM_MISMATCH"",""message"":""Whole-transfer checksum failed.""}"
INT-XFR-006,integration,TRN-002|PRO-009,PASS,PASS_EXACT,5123.899999991059,Real numeric transfer completes and registries clean,"{""received"":2,""committed"":2}"
INT-LIFE-001,integration,PRO-009|TST-003,PASS,PASS_EXACT,166.19999998807907,Host shutdown rejects work and restart recovers,"{""shutdown"":true,""rejection"":""LIBRARY_INACTIVE"",""restarted"":true}"
INT-UI-001,integration,TST-007,PASS,PASS_EXACT,48.69999998807907,Critical actions remain reachable in current JCEF viewport,"{""viewport"":{""width"":1728,""height"":887},""controls"":[{""id"":""runSelectedButton"",""width"":110.96875,""height"":35,""visible"":true},{""id"":""runAcceptanceButton"",""width"":172.484375,""height"":35,""visible"":true},{""id"":""stopButton"",""width"":57.625,""height"":35,""visible"":true},{""id"":""exportButton"",""width"":144.828125,""height"":31,""visible"":true},{""id"":""clearButton"",""width"":53.359375,""height"":31,""visible"":true}]}"
INT-HEALTH-001,integration,TST-008,PASS,PASS_EXACT,63.70000000298023,Console and protocol final health are clean,"{""runtimeErrors"":[],""activeRequests"":0,""activeTransfers"":0,""genericActive"":false,""numericActive"":false,""notifications"":1}"
P45-INT-001,integration,PRO-005|PRO-007|TST-003,PASS,PASS_EXACT,65.79999999701977,Routed host handler exception is contained and recovery succeeds,"{""failure"":""HOST_CALLBACK_EXCEPTION"",""recovered"":true}"
P45-INT-002,integration,PRO-003|PRO-009,PASS,PASS_EXACT,1016.7000000029802,Repeated request sequence preserves correlation and cleanup,"{""count"":20,""unique"":20}"
P45-INT-003,integration,TRN-004|PRO-010,PASS,PASS_EXACT,966.5,Representative large generic payload commits and recovers,"{""characters"":262148,""chunks"":17,""checksum"":18383078}"
P45-INT-004,integration,TRN-004|PRO-009,PASS,PASS_EXACT,5263.9000000059605,Representative repeated numeric batches complete cleanly,"{""batches"":5,""valuesPerBatch"":20000,""totalValues"":100000}"
P45-INT-005,integration,TST-007|TST-009,PASS,PASS_EXACT,46.099999994039536,Current live viewport has no horizontal document overflow,"{""width"":1728,""clientWidth"":1713,""scrollWidth"":1713,""overflow"":0}"
INT-ARC-001,integration,ARC-001|ARC-002,PASS,PASS_EXACT,0.09999999403953552,Canonical bootstrap reaches host-ready,"{""hostReady"":true,""canonicalLauncher"":""app/main.sce""}"
INT-ARC-002,integration,ARC-005,PASS,PASS_EXACT,57.19999998807907,Example handler remains outside central callback,"{""message"":""pong"",""source"":""application-owned-handler"",""application_version"":""0.8.7-m8.7""}"
INT-ARC-003,integration,ARC-006|ARC-007,PASS,PASS_EXACT,0.09999999403953552,Native ownership boundary is declared,"{""native_paths"":""scilab"",""filesystem"":""scilab"",""dom"":""browser"",""request_registry"":""browser"",""host_lifecycle"":""scilab""}"
INT-ARC-004,integration,ARC-001,PASS,PASS_EXACT,98.70000000298023,Shutdown and restart preserve clean context,"{""before"":0,""after"":0,""restarted"":true}"
INT-ST-001,integration,ARC-005|TST-005,PASS,PASS_EXACT,57.5,Starter example operation completes through live bridge,"{""operation"":""application.example.ping.request"",""message"":""pong"",""source"":""application-owned-handler""}"
INT-ST-002,integration,PRO-009|TST-008,PASS,PASS_EXACT,59.3999999910593,Starter smoke operation leaves clean protocol state,"{""activeRequests"":0,""activeTransfers"":0}"
INT-APP-001,integration,ARC-005|TST-005,PASS,PASS_EXACT,73.40000000596046,Reference application starts and completes operation,"{""message"":""pong"",""source"":""application-owned-handler"",""application_version"":""0.8.7-m8.7""}"
INT-APP-002,integration,PRO-009|TST-008,PASS,PASS_EXACT,58.19999998807907,Application operation and protocol state remain clean,"{""activeRequests"":0,""activeTransfers"":0}"
INT-EXT-001,integration,ARC-005|TST-005,PASS,PASS_EXACT,64.70000000298023,Reference sum completes through live bridge,"{""sum"":10,""count"":4,""source"":""application-owned-handler"",""application_version"":""0.8.7-m8.7""}"
INT-EXT-002,integration,PRO-011|TST-003,PASS,PASS_EXACT,1.7999999970197678,Invalid sum payload returns structured error,"{""code"":""SCHEMA_VALIDATION_FAILED"",""message"":""values is required""}"
INT-EXT-003,integration,PRO-009|TST-008,PASS,PASS_EXACT,66.70000000298023,Sum operation leaves protocol state clean,"{""activeRequests"":0,""activeTransfers"":0}"
INT-REL-001,integration,CMP-004|TST-008,PASS,PASS_EXACT,0.10000000894069672,Live runtime reports P6.4 foundation identity,"{""foundation"":""P6.4.0-0.1"",""application"":""0.8.7-m8.7""}"
INT-REL-002,integration,CMP-001|CMP-002,PASS,PASS_EXACT,0.09999999403953552,Release candidate uses qualified Scilab minimum,"{""hostVersion"":""scilab-2026.1.0"",""minimum"":""2026.1.0""}"
INT-REL-003,integration,AIG-006|AIG-007,PASS,PASS_EXACT,70.20000000298023,P6.4 final extension workflow retains clean health,"{""ping"":""pong"",""sum"":42,""activeRequests"":0}"
INT-P62-001,integration,AIG-007|TST-008,PASS,PASS_EXACT,84.1000000089407,P6.2 live runtime preserves clean protocol health,"{""activeRequests"":0,""activeTransfers"":0}"
INT-P63-001,integration,AIG-007|TST-008,PASS,PASS_EXACT,61.5,P6.3 application operation leaves clean runtime state,"{""activeRequests"":0,""activeTransfers"":0}"
INT-P64-001,integration,AIG-007|TST-008,PASS,PASS_EXACT,61.900000005960464,P6.4 packaging changes preserve clean runtime state,"{""activeRequests"":0,""activeTransfers"":0}"
AIPP-M2-003,integration,ARC-005|TST-005,PASS,PASS_EXACT,57.599999994039536,AIPP pyrolist metadata loads through live bridge,"{""count"":79,""source"":""application/data/pyrolist.json""}"
AIPP-M2-004,integration,ARC-005|TST-005,PASS,PASS_EXACT,99,AIPP host adapter loads formulations and installs legacy contract,"{""count"":79,""legacyState"":""loaded 79 formulations""}"
AIPP-M2-005,integration,PRO-011|TST-003,PASS,PASS_EXACT,87.3999999910593,AIPP pyrolist rejects invalid include flag,"{""code"":""INVALID_APPLICATION_PAYLOAD"",""message"":""include_formulations must be a scalar boolean.""}"
AIPP-M2-006,integration,PRO-009|TST-008,PASS,PASS_EXACT,64.19999998807907,AIPP pyrolist workflow leaves protocol state clean,"{""activeRequests"":0,""activeTransfers"":0}"
AIPP-M3-003,integration,ARC-005|TST-005,PASS,PASS_EXACT,0.5,Pyro editor receives all live formulation names,"{""count"":79}"
AIPP-M3-004,integration,TST-001|TST-005,PASS,PASS_EXACT,0.7000000029802322,Known formulation selection is deterministic,"{""selected"":""generic_pyro""}"
AIPP-M3-009,integration,TST-007|TST-009,PASS,PASS_EXACT,43.20000000298023,Pyro editor controls are visible and reachable,"{""controls"":[{""id"":""aippPyroEditorLoad"",""width"":144.28125,""height"":36,""visible"":true},{""id"":""aippPyroSelect"",""width"":1338.625,""height"":36,""visible"":true},{""id"":""aippPyroReset"",""width"":124.09375,""height"":37,""visible"":true}]}"
AIPP-M3-010,integration,PRO-009|TST-008,PASS,PASS_EXACT,1.2000000029802322,Pyro editor workflow leaves protocol state clean,"{""activeRequests"":0,""activeTransfers"":0}"
AIPP-M4-003,integration,TST-001|TST-005,PASS,PASS_EXACT,4.200000002980232,Default chamber pyro is deterministic,"{""id"":""pyro-0001"",""formulation"":""generic_pyro""}"
AIPP-M4-011,integration,TST-007|TST-009,PASS,PASS_EXACT,159.70000000298023,Chamber pyro controls are visible and reachable,"{""controls"":[{""id"":""aippChamberPyroAdd"",""width"":143.78125,""height"":38,""visible"":true},{""id"":""aippChamberPyroList"",""width"":260,""height"":1153,""visible"":true},{""id"":""aippChamberPyroDetail"",""width"":1080,""height"":1153,""visible"":true}],""styles"":{""managerBackground"":""rgb(255, 255, 255)"",""bodyDisplay"":""grid"",""bodyColumns"":""260px 1080px"",""rowDisplay"":""block"",""rowBackground"":""rgb(234, 242, 255)"",""detailBackground"":""rgb(255, 255, 255)"",""removeColor"":""rgb(187, 42, 54)""},""editing"":{""nameFieldAbsent"":true,""formulationSelectorCount"":1,""formulationDropdownArrowVisible"":true,""triggerDropdownArrowVisible"":true,""quantityModes"":[""mass"",""number""],""massAndNumberPersist"":true,""stableId"":""pyro-0001"",""formulation"":""B7T_20250528""}}"
AIPP-M4-012,integration,PRO-009|TST-008,PASS,PASS_EXACT,49.79999999701977,Chamber pyro workflow leaves protocol state clean,"{""activeRequests"":0,""activeTransfers"":0}"
AIPP-M5-003,integration,TST-001|TST-005,PASS,PASS_EXACT,83.09999999403954,Default chamber filter is deterministic,"{""filter"":{""id"":""filter-0001"",""name"":""Filter 1"",""material"":""steel"",""density"":""7833.0 kg/m^3"",""specific_heat"":""510.0 J/(kg K)"",""thermal_conductivity"":""45.0 W/(m K)"",""mass"":""0.0 g"",""method"":""PERCENTAGE"",""coefficient"":0,""orifices"":[]}}"
AIPP-M5-009,integration,TST-007|TST-009,PASS,PASS_EXACT,122.40000000596046,"Chamber filter controls are visible, styled, and editable","{""visible"":true,""focusRetained"":true,""materialPropertiesReadOnly"":true}"
AIPP-M5-010,integration,PRO-009|TST-008,PASS,PASS_EXACT,2.8999999910593033,Chamber filter workflow leaves protocol state clean,"{""activeRequests"":0,""activeTransfers"":0}"
AIPP-M531-002,integration,ARC-005|TST-005,PASS,PASS_EXACT,65.30000001192093,Material list loads through live bridge at runtime,"{""source"":""application/data/material_list.json"",""count"":3,""names"":[""aluminum"",""copper"",""steel""]}"
AIPP-M531-003,integration,TST-001|TST-005,PASS,PASS_EXACT,71.20000000298023,Runtime material records retain every supplied property,"{""materials"":[""aluminum"",""copper"",""steel""],""propertyCounts"":{""aluminum"":3,""copper"":3,""steel"":3}}"
AIPP-M531-004,integration,TST-001|TST-009,PASS,PASS_EXACT,105.79999999701977,Material property renderer has no fixed property whitelist,"{""dynamicPropertyRendered"":true}"
AIPP-M531-005,integration,PRO-009|TST-008,PASS,PASS_EXACT,64.09999999403954,Runtime material workflow leaves protocol state clean,"{""activeRequests"":0,""activeTransfers"":0}"
AIPP-M531-006,integration,CMP-004|TST-008,PASS,PASS_EXACT,78,M5.3.1 application identity agrees across runtime boundaries,"{""manifest"":""0.8.7-m8.7"",""status"":""0.8.7-m8.7"",""materials"":""0.8.7-m8.7""}"
AIPP-M7-008,integration,PRO-009|TST-008,PASS,PASS_EXACT,0.800000011920929,Workspace switching leaves protocol state clean,"{""activeRequests"":0,""activeTransfers"":0}"
AIPP-M81-010,integration,PRO-009|TST-008,PASS,PASS_EXACT,0.5,Deck synchronization leaves protocol state clean,"{""activeRequests"":0,""activeTransfers"":0}"
AIPP-M82-006,integration,PRO-009|TST-008,PASS,PASS_EXACT,0.29999999701976776,M8.2 leaves protocol state clean,"{""activeRequests"":0,""activeTransfers"":0}"
AIPP-M83-008,integration,PRO-009|TST-008,PASS,PASS_EXACT,0.4000000059604645,M8.3 native workflow leaves protocol state clean,"{""activeRequests"":0,""activeTransfers"":0}"
AIPP-M84-010,integration,PRO-009|TST-008,PASS,PASS_EXACT,0.29999999701976776,M8.4 topology workflow leaves protocol state clean,"{""activeRequests"":0,""activeTransfers"":0}"
AIPP-M85-006,integration,PRO-009|TST-008,PASS,PASS_EXACT,0.3999999910593033,M8.5 navigation leaves protocol state clean,"{""activeRequests"":0,""activeTransfers"":0}"
AIPP-M86-008,integration,PRO-009|TST-008,PASS,PASS_EXACT,0.4000000059604645,M8.6 semantic layout leaves protocol state clean,"{""activeRequests"":0,""activeTransfers"":0}"
AIPP-M87-010,integration,PRO-009|TST-008,PASS,PASS_EXACT,0.5,M8.7 inspector workflow leaves protocol state clean,"{""activeRequests"":0,""activeTransfers"":0}"
AIPP-M891-015,integration,PRO-009|TST-008,PASS,PASS_EXACT,0.3999999910593033,M8.9.1 leaves protocol state clean,"{""activeRequests"":0,""activeTransfers"":0}"
AIPP-M891-045,integration,PRO-009|TST-008,PASS,PASS_EXACT,40.599999994039536,Completed Orifice workflow leaves document and protocol state clean,"{""dirty"":false,""activeRequests"":0,""activeTransfers"":0}"
AIPP-M892-015,integration,PRO-009|TST-008,PASS,PASS_EXACT,4.299999997019768,Wall workflow leaves protocol state clean,"{""clean"":true}"
AIPP-M892-034,integration,PRO-009|TST-008,PASS,PASS_EXACT,17.399999991059303,Persistence workflow leaves request and transfer state clean,"{""activeRequests"":0,""activeTransfers"":0}"
AIPP-P1-008,integration,PRO-009|TST-008,PASS,PASS_EXACT,1.0999999940395355,Piston workflow leaves protocol state clean,"{""activeRequests"":0,""activeTransfers"":0}"
AIPP-P21-010,integration,PRO-009|TST-008,PASS,PASS_EXACT,0.5999999940395355,P2.1 leaves protocol state clean,"{""activeRequests"":0,""activeTransfers"":0}"
AIPP-P22-012,integration,PRO-009|TST-008,PASS,PASS_EXACT,0.5,P2.2 workflow leaves protocol state clean,"{""activeRequests"":0,""activeTransfers"":0}"
AIPP-PREP2-C03-006,integration,PRO-009|TST-008,PASS,PASS_EXACT,0.4000000059604645,Candidate 03 leaves protocol state clean,"{""activeRequests"":0,""activeTransfers"":0}"
AIPP-C1-010,integration,PRO-009|TST-008,PASS,PASS_EXACT,0.5,Chamber workflow leaves protocol state clean,"{""activeRequests"":0,""activeTransfers"":0}"
AIPP-O1-009,integration,PRO-009|TST-008,PASS,PASS_EXACT,0.29999999701976776,Orifice workflow leaves protocol state clean,"{""activeRequests"":0,""activeTransfers"":0}"
AIPP-W1-009,integration,PRO-009|TST-008,PASS,PASS_EXACT,0.5999999940395355,Wall workflow leaves protocol state clean,"{""activeRequests"":0,""activeTransfers"":0}"
AIPP-TOPOACT-009,integration,PRO-009|TST-008,PASS,PASS_EXACT,0.5,Topology actions workflow leaves protocol state clean,"{""activeRequests"":0,""activeTransfers"":0}"
VIS-BASE-001,visual,TST-007|TST-009,PASS,PASS_EXACT,15.599999994039536,Visual design tokens match approved baseline,"{""actual"":{""bodyBackground"":""rgb(238, 242, 247)"",""cardBackground"":""rgb(255, 255, 255)"",""primaryButton"":""rgb(23, 105, 224)"",""readyBadge"":""rgb(220, 247, 231)"",""detailBackground"":""rgb(16, 24, 39)""},""baseline"":{""bodyBackground"":""rgb(238, 242, 247)"",""cardBackground"":""rgb(255, 255, 255)"",""primaryButton"":""rgb(23, 105, 224)"",""readyBadge"":""rgb(220, 247, 231)"",""detailBackground"":""rgb(16, 24, 39)""}}"
VIS-LAYOUT-001,visual,TST-007|TST-009,PASS,PASS_EXACT,47.79999999701977,Primary cards do not overlap at standard viewport,"{""viewport"":{""width"":1728,""height"":887},""cardCount"":8,""overlaps"":[]}"
VIS-LAYOUT-002,visual,TST-007|TST-009,PASS,PASS_EXACT,263.6000000089407,Critical controls meet document geometry and viewport reachability contracts,"{""normalizedFrom"":{""x"":0,""y"":2843},""controls"":[{""id"":""runSelectedButton"",""left"":135.5,""top"":317,""right"":246.46875,""bottom"":352,""width"":110.96875,""height"":35,""reachable"":true,""visibleTop"":317,""visibleBottom"":352},{""id"":""runAcceptanceButton"",""left"":255.46875,""top"":317,""right"":427.953125,""bottom"":352,""width"":172.484375,""height"":35,""reachable"":true,""visibleTop"":317,""visibleBottom"":352},{""id"":""stopButton"",""left"":436.953125,""top"":317,""right"":494.578125,""bottom"":352,""width"":57.625,""height"":35,""reachable"":true,""visibleTop"":317,""visibleBottom"":352},{""id"":""exportButton"",""left"":1245,""top"":831,""right"":1389.828125,""bottom"":862,""width"":144.828125,""height"":31,""reachable"":true,""visibleTop"":428,""visibleBottom"":459},{""id"":""copyButton"",""left"":1398.828125,""top"":831,""right"":1515.140625,""bottom"":862,""width"":116.3125,""height"":31,""reachable"":true,""visibleTop"":434,""visibleBottom"":465},{""id"":""clearButton"",""left"":1524.140625,""top"":831,""right"":1577.5,""bottom"":862,""width"":53.359375,""height"":31,""reachable"":true,""visibleTop"":436,""visibleBottom"":467}]}"
VIS-TABLE-001,visual,TST-007|TST-009,PASS,PASS_EXACT,126.40000000596046,Results table retains bounded scroll container,"{""scrollHeight"":20556,""clientHeight"":390,""overflowY"":""auto""}"
VIS-DETAIL-001,visual,TST-007|TST-009,PASS,PASS_EXACT,49.70000000298023,Long structured detail wraps and remains bounded,"{""width"":1442,""scrollHeight"":100,""clientHeight"":100,""overflowY"":""auto""}"
VIS-STATE-001,visual,TST-007|TST-009,PASS,PASS_EXACT,13.900000005960464,Running and idle controls have distinct enabled states,"{""original"":{""runDisabled"":true,""stopDisabled"":false},""idle"":{""runDisabled"":false,""stopDisabled"":true,""runOpacity"":""1"",""stopOpacity"":""0.5""},""running"":{""runDisabled"":true,""stopDisabled"":false,""runOpacity"":""0.5"",""stopOpacity"":""1""},""restored"":{""runDisabled"":true,""stopDisabled"":false}}"
VIS-STATUS-001,visual,TST-007|TST-009,PASS,PASS_EXACT,70.30000001192093,Progress and status transitions remain visible,"{""requestedRatio"":0.57,""renderedRatio"":0.5699857244825125,""settlement"":""transitionend"",""statusVisible"":true}"
VIS-A11Y-001,visual,TST-007|TST-009,PASS,PASS_EXACT,3.9000000059604645,Interactive controls have accessible names and focus cues,"{""controlCount"":68,""unnamed"":[],""focusVisibleRules"":[{""selector"":""button:focus-visible, select:focus-visible, input:focus-visible"",""outlineWidth"":""3px"",""outlineStyle"":""solid"",""outlineColor"":""rgb(122, 176, 255)"",""outlineOffset"":""2px""},{""selector"":"".aipp-topology-context-menu button:hover, .aipp-topology-context-menu button:focus-visible"",""outlineWidth"":"""",""outlineStyle"":"""",""outlineColor"":"""",""outlineOffset"":""""},{""selector"":"".aipp-hover-row:hover, .aipp-hover-row:focus-visible"",""outlineWidth"":""2px"",""outlineStyle"":""solid"",""outlineColor"":""rgb(157, 199, 243)"",""outlineOffset"":""1px""}],""qualifyingRuleCount"":1}"
VIS-RESP-001,visual,TST-007|TST-009,PASS,PASS_EXACT,0.3999999910593033,Responsive CSS contracts are present and active,"{""mediaQueries"":[""(max-width: 900px)"",""(max-width: 640px)"",""(max-width: 900px)"",""(max-width: 850px)"",""(max-width: 1100px)"",""(max-width: 700px)"",""(max-width: 900px)"",""(max-width: 980px)"",""(max-width: 650px)"",""(max-width: 900px)"",""(max-width: 900px)"",""(max-width: 1000px)"",""(max-width: 1000px)"",""(max-width: 700px)"",""(max-width: 650px)"",""(max-width: 700px)"",""(max-width: 900px)"",""(max-width: 700px)"",""(max-width: 650px)"",""(max-width: 1050px)"",""(max-width: 760px)"",""(max-width: 720px)"",""(max-width: 760px)"",""(max-height: 720px)"",""(max-width: 760px)"",""(max-width: 1199px)"",""(max-width: 799px)"",""(max-width: 700px)"",""(max-width: 1100px)"",""(max-width: 1200px)"",""(max-width: 800px)"",""(max-width: 1200px)"",""(max-width: 760px)"",""(max-width: 980px)"",""(max-width: 850px)"",""(max-width: 1100px)"",""(max-width: 700px)""],""currentViewport"":{""width"":1728,""height"":887},""standardViewport"":true}"
VIS-SNAP-001,visual,TST-009,PASS,PASS_EXACT,65.6000000089407,Deterministic GUI contract snapshot is complete,"{""snapshotKind"":""structured_dom_visual_contract"",""baselineVersion"":""P4.5.1-0.1"",""scrollNormalized"":true,""restoredScroll"":{""x"":0,""y"":2448},""viewport"":{""width"":1728,""height"":887,""dpr"":1},""regions"":[{""id"":""connectionBadge"",""left"":1362.828125,""top"":45.5,""right"":1596.5,""bottom"":82.5,""width"":233.671875,""height"":37},{""id"":""runSelectedButton"",""left"":135.5,""top"":317,""right"":246.46875,""bottom"":352,""width"":110.96875,""height"":35},{""id"":""runAcceptanceButton"",""left"":255.46875,""top"":317,""right"":427.953125,""bottom"":352,""width"":172.484375,""height"":35},{""id"":""stopButton"",""left"":436.953125,""top"":317,""right"":494.578125,""bottom"":352,""width"":57.625,""height"":35},{""id"":""progressBar"",""left"":1139.6875,""top"":271,""right"":1525.6875,""bottom"":279,""width"":386,""height"":8},{""id"":""resultsBody"",""left"":135.5,""top"":236.5,""right"":1562.5,""bottom"":20972.5,""width"":1427,""height"":20736},{""id"":""resultDetail"",""left"":135.5,""top"":1387,""right"":1577.5,""bottom"":1487,""width"":1442,""height"":100},{""id"":""eventLog"",""left"":135.5,""top"":1583,""right"":1577.5,""bottom"":1713,""width"":1442,""height"":130}],""colors"":{""body"":""rgb(238, 242, 247)"",""card"":""rgb(255, 255, 255)"",""primary"":""rgb(23, 105, 224)"",""ready"":""rgb(220, 247, 231)"",""detail"":""rgb(16, 24, 39)""}}"
SC-PRO-001,scilab,PRO-001|PRO-002|PRO-003,PASS,PASS_EXACT,1,Valid envelope accepted,"{""validation_error"":[]}"
SC-PRO-002,scilab,PRO-001|TST-003,PASS,PASS_EXACT,0,Missing type rejected,"{""validation_error"":{""protocol"":""scilab-jcef"",""protocol_version"":1,""type"":""protocol.error"",""request_id"":""p4-unit"",""status"":""error"",""error"":{""code"":""MISSING_TYPE"",""message"":""type is required."",""retryable"":false}}}"
SC-PRO-003,scilab,PRO-014|TST-003,PASS,PASS_EXACT,1,Unsupported version rejected,"{""validation_error"":{""protocol"":""scilab-jcef"",""protocol_version"":1,""type"":""protocol.error"",""request_id"":""p4-unit"",""status"":""error"",""error"":{""code"":""UNSUPPORTED_VERSION"",""message"":""Protocol version is not supported."",""retryable"":false}}}"
SC-XFR-001,scilab,PRO-010,PASS,PASS_EXACT,0,Ordered chunk assembly,"{""assembled"":""abcdefghi""}"
SC-XFR-002,scilab,PRO-010|TST-003,PASS,PASS_EXACT,0,Duplicate chunk detected,"{""duplicate"":true}"
SC-PLOT-001,scilab,PLT-006,PASS,PASS_EXACT,8,Min/max extrema preserved,"{""source_min"":-8,""source_max"":10,""reduced_min"":-8,""reduced_max"":10}"
SC-PLOT-002,scilab,PLT-007,PASS,PASS_EXACT,0,Independent-X range query,"{""curve1_count"":21,""curve2_count"":11}"
SC-CODEC-001,scilab,PRO-002|PRO-005,PASS,PASS_EXACT,1,Control codec round trip,"{""decoded_text"":""P4.5 unicode - cafe""}"
SC-CODEC-002,scilab,TRN-005,PASS,PASS_EXACT,0,Codec normalizes numeric bytes to row orientation,"{""rows"":1,""columns"":3}"
SC-CODEC-003,scilab,PRO-005|TST-003,PASS,PASS_EXACT,0,Codec rejects nonnumeric control payload,"{""rejected"":true}"
SC-ROUTE-001,scilab,PRO-006|PRO-007,PASS,PASS_EXACT,1,Router returns structured unknown-type error and test failure hook is installed,"{""code"":""UNSUPPORTED_TYPE"",""test_hook_installed"":true,""test_hook_throws"":true}"
SC-ROUTE-002,scilab,PRO-009|TST-003,PASS,PASS_EXACT,0,Inactive router rejects ordinary work,"{""code"":""LIBRARY_INACTIVE""}"
SC-XFR-003,scilab,PRO-010|TST-003,PASS,PASS_EXACT,3,Missing generic chunk resets transfer,"{""code"":""INCOMPLETE_TRANSFER""}"
SC-XFR-004,scilab,PRO-010|TST-003,PASS,PASS_EXACT,1,Out-of-range generic chunk is rejected,"{""code"":""CHUNK_INDEX_OUT_OF_RANGE""}"
SC-XFR-005,scilab,PRO-010|TST-003,PASS,PASS_EXACT,1,Per-chunk checksum failure is rejected,"{""code"":""CHUNK_CHECKSUM_MISMATCH""}"
SC-XFR-006,scilab,PRO-010,PASS,PASS_EXACT,2,Generic cancellation clears active state,"{""active"":false}"
SC-XFR-007,scilab,PRO-010|TST-003,PASS,PASS_EXACT,1,Declared generic size mismatch prevents commit,"{""code"":""TOTAL_SIZE_MISMATCH""}"
SC-ARC-001,scilab,ARC-001,PASS,PASS_EXACT,0,Launcher anchors application root,"{""app_root"":""D:\\ToolboxUpdates\\014_AIPP_JSON_GUI\\foundation_version"",""canonical_launcher"":""D:\\ToolboxUpdates\\014_AIPP_JSON_GUI\\foundation_version\\app\\main.sce""}"
SC-ARC-002,scilab,ARC-001,PASS,PASS_EXACT,0,Foundation runtime owns initialized lifecycle state,"{""flags_scalar"":true,""lifecycle_correct"":true,""library_active"":true,""numeric_active"":false,""generic_active"":false,""host_log_initialized"":true,""generic_commit_initialized"":true,""host_log_type"":""constant"",""generic_commit_type"":""string""}"
SC-APP-001,scilab,ARC-005|ARC-010,PASS,PASS_EXACT,3,Application handler registry resolves declared operation,"{""registered"":true,""source"":""application-owned-handler""}"
SC-APP-002,scilab,TST-003|ARC-010,PASS,PASS_EXACT,0,Duplicate application route is rejected,"{""duplicate_rejected"":true}"
SC-EXT-001,scilab,ARC-005|ARC-010,PASS,PASS_EXACT,3,Application sum handler returns deterministic result,"{""sum"":10,""count"":4}"
SC-EXT-002,scilab,PRO-011|TST-003,PASS,PASS_EXACT,2,Application sum handler rejects missing values,"{""code"":""INVALID_APPLICATION_PAYLOAD""}"
SC-EXT-003,scilab,ARC-005|ARC-010,PASS,PASS_EXACT,0,Application registry contains both declared routes,"{""route_count"":7}"
MF-INVENTORY-RESULT,manifest,TST-001|TST-006,PASS,PASS_EXACT,0,Executed result inventory matches declared test manifest,"{""declaredCount"":601,""executedCount"":601,""missing"":[],""unexpected"":[],""duplicates"":[],""synthetic"":true}"
